2025-11-03 18:44:30,121:WARNING:
'cuml' is a soft dependency and not included in the pycaret installation. Please run: `pip install cuml` to install.
2025-11-03 18:44:30,121:WARNING:
'cuml' is a soft dependency and not included in the pycaret installation. Please run: `pip install cuml` to install.
2025-11-03 18:44:30,121:WARNING:
'cuml' is a soft dependency and not included in the pycaret installation. Please run: `pip install cuml` to install.
2025-11-03 18:44:30,121:WARNING:
'cuml' is a soft dependency and not included in the pycaret installation. Please run: `pip install cuml` to install.
2025-11-03 18:44:31,253:INFO:PyCaret ClassificationExperiment
2025-11-03 18:44:31,253:INFO:Logging name: clf-default-name
2025-11-03 18:44:31,253:INFO:ML Usecase: MLUsecase.CLASSIFICATION
2025-11-03 18:44:31,253:INFO:version 3.3.2
2025-11-03 18:44:31,253:INFO:Initializing setup()
2025-11-03 18:44:31,253:INFO:self.USI: 4e91
2025-11-03 18:44:31,254:INFO:self._variable_keys: {'pipeline', 'fix_imbalance', 'y_test', 'log_plots_param', '_ml_usecase', 'exp_id', 'fold_shuffle_param', 'fold_groups_param', 'is_multiclass', 'fold_generator', 'X_train', 'X_test', 'X', '_available_plots', 'html_param', 'USI', 'y', 'n_jobs_param', 'data', 'idx', 'seed', 'target_param', 'logging_param', 'exp_name_log', 'y_train', 'gpu_n_jobs_param', 'memory', 'gpu_param'}
2025-11-03 18:44:31,254:INFO:Checking environment
2025-11-03 18:44:31,254:INFO:python_version: 3.10.12
2025-11-03 18:44:31,254:INFO:python_build: ('main', 'Aug 15 2025 14:32:43')
2025-11-03 18:44:31,254:INFO:machine: x86_64
2025-11-03 18:44:31,256:INFO:platform: Linux-6.8.0-1042-gcp-x86_64-with-glibc2.35
2025-11-03 18:44:31,256:INFO:Memory: svmem(total=8324829184, available=7586910208, percent=8.9, used=737918976, free=3959259136, active=463364096, inactive=3515277312, buffers=74416128, cached=3867029504, shared=1032192, slab=318685184)
2025-11-03 18:44:31,257:INFO:Physical Core: 1
2025-11-03 18:44:31,257:INFO:Logical Core: 2
2025-11-03 18:44:31,257:INFO:Checking libraries
2025-11-03 18:44:31,257:INFO:System:
2025-11-03 18:44:31,257:INFO:    python: 3.10.12 (main, Aug 15 2025, 14:32:43) [GCC 11.4.0]
2025-11-03 18:44:31,257:INFO:executable: /usr/bin/python3
2025-11-03 18:44:31,257:INFO:   machine: Linux-6.8.0-1042-gcp-x86_64-with-glibc2.35
2025-11-03 18:44:31,257:INFO:PyCaret required dependencies:
2025-11-03 18:44:31,282:INFO:                 pip: 22.0.2
2025-11-03 18:44:31,283:INFO:          setuptools: 59.6.0
2025-11-03 18:44:31,283:INFO:             pycaret: 3.3.2
2025-11-03 18:44:31,283:INFO:             IPython: 8.37.0
2025-11-03 18:44:31,283:INFO:          ipywidgets: 8.1.8
2025-11-03 18:44:31,283:INFO:                tqdm: 4.67.1
2025-11-03 18:44:31,283:INFO:               numpy: 1.26.4
2025-11-03 18:44:31,283:INFO:              pandas: 2.1.4
2025-11-03 18:44:31,283:INFO:              jinja2: 3.0.3
2025-11-03 18:44:31,283:INFO:               scipy: 1.11.4
2025-11-03 18:44:31,283:INFO:              joblib: 1.3.2
2025-11-03 18:44:31,283:INFO:             sklearn: 1.4.2
2025-11-03 18:44:31,283:INFO:                pyod: 2.0.5
2025-11-03 18:44:31,283:INFO:            imblearn: 0.14.0
2025-11-03 18:44:31,283:INFO:   category_encoders: 2.7.0
2025-11-03 18:44:31,283:INFO:            lightgbm: 4.6.0
2025-11-03 18:44:31,283:INFO:               numba: 0.62.1
2025-11-03 18:44:31,283:INFO:            requests: 2.25.1
2025-11-03 18:44:31,283:INFO:          matplotlib: 3.7.5
2025-11-03 18:44:31,283:INFO:          scikitplot: 0.3.7
2025-11-03 18:44:31,283:INFO:         yellowbrick: 1.5
2025-11-03 18:44:31,283:INFO:              plotly: 6.3.1
2025-11-03 18:44:31,283:INFO:    plotly-resampler: Not installed
2025-11-03 18:44:31,283:INFO:             kaleido: 1.1.0
2025-11-03 18:44:31,283:INFO:           schemdraw: 0.15
2025-11-03 18:44:31,283:INFO:         statsmodels: 0.14.5
2025-11-03 18:44:31,283:INFO:              sktime: 0.26.0
2025-11-03 18:44:31,283:INFO:               tbats: 1.1.3
2025-11-03 18:44:31,283:INFO:            pmdarima: 2.0.4
2025-11-03 18:44:31,283:INFO:              psutil: 7.1.3
2025-11-03 18:44:31,283:INFO:          markupsafe: 2.0.1
2025-11-03 18:44:31,283:INFO:             pickle5: Not installed
2025-11-03 18:44:31,284:INFO:         cloudpickle: 3.1.2
2025-11-03 18:44:31,284:INFO:         deprecation: 2.1.0
2025-11-03 18:44:31,284:INFO:              xxhash: 3.6.0
2025-11-03 18:44:31,284:INFO:           wurlitzer: 3.1.1
2025-11-03 18:44:31,284:INFO:PyCaret optional dependencies:
2025-11-03 18:44:31,311:INFO:                shap: Not installed
2025-11-03 18:44:31,311:INFO:           interpret: Not installed
2025-11-03 18:44:31,311:INFO:                umap: Not installed
2025-11-03 18:44:31,311:INFO:     ydata_profiling: Not installed
2025-11-03 18:44:31,311:INFO:  explainerdashboard: Not installed
2025-11-03 18:44:31,311:INFO:             autoviz: Not installed
2025-11-03 18:44:31,311:INFO:           fairlearn: Not installed
2025-11-03 18:44:31,311:INFO:          deepchecks: Not installed
2025-11-03 18:44:31,311:INFO:             xgboost: Not installed
2025-11-03 18:44:31,311:INFO:            catboost: Not installed
2025-11-03 18:44:31,311:INFO:              kmodes: Not installed
2025-11-03 18:44:31,311:INFO:             mlxtend: Not installed
2025-11-03 18:44:31,311:INFO:       statsforecast: Not installed
2025-11-03 18:44:31,311:INFO:        tune_sklearn: Not installed
2025-11-03 18:44:31,311:INFO:                 ray: Not installed
2025-11-03 18:44:31,311:INFO:            hyperopt: Not installed
2025-11-03 18:44:31,311:INFO:              optuna: Not installed
2025-11-03 18:44:31,311:INFO:               skopt: Not installed
2025-11-03 18:44:31,311:INFO:              mlflow: Not installed
2025-11-03 18:44:31,311:INFO:              gradio: Not installed
2025-11-03 18:44:31,311:INFO:             fastapi: Not installed
2025-11-03 18:44:31,311:INFO:             uvicorn: Not installed
2025-11-03 18:44:31,311:INFO:              m2cgen: Not installed
2025-11-03 18:44:31,311:INFO:           evidently: Not installed
2025-11-03 18:44:31,311:INFO:               fugue: Not installed
2025-11-03 18:44:31,311:INFO:           streamlit: Not installed
2025-11-03 18:44:31,311:INFO:             prophet: Not installed
2025-11-03 18:44:31,311:INFO:None
2025-11-03 18:44:31,311:INFO:Set up data.
2025-11-03 18:44:31,317:INFO:Set up folding strategy.
2025-11-03 18:44:31,317:INFO:Set up train/test split.
2025-11-03 18:44:31,323:INFO:Set up index.
2025-11-03 18:44:31,323:INFO:Assigning column types.
2025-11-03 18:44:31,326:INFO:Engine successfully changes for model 'lr' to 'sklearn'.
2025-11-03 18:44:31,373:INFO:Engine for model 'knn' has not been set explicitly, hence returning None.
2025-11-03 18:44:31,377:INFO:Engine for model 'rbfsvm' has not been set explicitly, hence returning None.
2025-11-03 18:44:31,410:WARNING:
'xgboost' is a soft dependency and not included in the pycaret installation. Please run: `pip install xgboost` to install.
Alternately, you can install this by running `pip install pycaret[models]`
2025-11-03 18:44:31,411:WARNING:
'catboost' is a soft dependency and not included in the pycaret installation. Please run: `pip install catboost` to install.
Alternately, you can install this by running `pip install pycaret[models]`
2025-11-03 18:44:31,460:INFO:Engine for model 'knn' has not been set explicitly, hence returning None.
2025-11-03 18:44:31,461:INFO:Engine for model 'rbfsvm' has not been set explicitly, hence returning None.
2025-11-03 18:44:31,494:WARNING:
'xgboost' is a soft dependency and not included in the pycaret installation. Please run: `pip install xgboost` to install.
Alternately, you can install this by running `pip install pycaret[models]`
2025-11-03 18:44:31,494:WARNING:
'catboost' is a soft dependency and not included in the pycaret installation. Please run: `pip install catboost` to install.
Alternately, you can install this by running `pip install pycaret[models]`
2025-11-03 18:44:31,495:INFO:Engine successfully changes for model 'knn' to 'sklearn'.
2025-11-03 18:44:31,543:INFO:Engine for model 'rbfsvm' has not been set explicitly, hence returning None.
2025-11-03 18:44:31,572:WARNING:
'xgboost' is a soft dependency and not included in the pycaret installation. Please run: `pip install xgboost` to install.
Alternately, you can install this by running `pip install pycaret[models]`
2025-11-03 18:44:31,573:WARNING:
'catboost' is a soft dependency and not included in the pycaret installation. Please run: `pip install catboost` to install.
Alternately, you can install this by running `pip install pycaret[models]`
2025-11-03 18:44:31,619:INFO:Engine for model 'rbfsvm' has not been set explicitly, hence returning None.
2025-11-03 18:44:31,650:WARNING:
'xgboost' is a soft dependency and not included in the pycaret installation. Please run: `pip install xgboost` to install.
Alternately, you can install this by running `pip install pycaret[models]`
2025-11-03 18:44:31,651:WARNING:
'catboost' is a soft dependency and not included in the pycaret installation. Please run: `pip install catboost` to install.
Alternately, you can install this by running `pip install pycaret[models]`
2025-11-03 18:44:31,651:INFO:Engine successfully changes for model 'rbfsvm' to 'sklearn'.
2025-11-03 18:44:31,728:WARNING:
'xgboost' is a soft dependency and not included in the pycaret installation. Please run: `pip install xgboost` to install.
Alternately, you can install this by running `pip install pycaret[models]`
2025-11-03 18:44:31,729:WARNING:
'catboost' is a soft dependency and not included in the pycaret installation. Please run: `pip install catboost` to install.
Alternately, you can install this by running `pip install pycaret[models]`
2025-11-03 18:44:31,806:WARNING:
'xgboost' is a soft dependency and not included in the pycaret installation. Please run: `pip install xgboost` to install.
Alternately, you can install this by running `pip install pycaret[models]`
2025-11-03 18:44:31,806:WARNING:
'catboost' is a soft dependency and not included in the pycaret installation. Please run: `pip install catboost` to install.
Alternately, you can install this by running `pip install pycaret[models]`
2025-11-03 18:44:31,808:INFO:Preparing preprocessing pipeline...
2025-11-03 18:44:31,810:INFO:Set up label encoding.
2025-11-03 18:44:31,810:INFO:Set up simple imputation.
2025-11-03 18:44:31,836:INFO:Finished creating preprocessing pipeline.
2025-11-03 18:44:31,840:INFO:Pipeline: Pipeline(memory=FastMemory(location=/tmp/joblib),
         steps=[('label_encoding',
                 TransformerWrapperWithInverse(exclude=None, include=None,
                                               transformer=LabelEncoder())),
                ('numerical_imputer',
                 TransformerWrapper(exclude=None,
                                    include=['sepal_length', 'sepal_width',
                                             'petal_length', 'petal_width'],
                                    transformer=SimpleImputer(add_indicator=False,
                                                              copy=True,
                                                              fill_value=None,
                                                              keep_empty_features=False,
                                                              missing_values=nan,
                                                              strategy='mean'))),
                ('categorical_imputer',
                 TransformerWrapper(exclude=None, include=[],
                                    transformer=SimpleImputer(add_indicator=False,
                                                              copy=True,
                                                              fill_value=None,
                                                              keep_empty_features=False,
                                                              missing_values=nan,
                                                              strategy='most_frequent')))],
         verbose=False)
2025-11-03 18:44:31,840:INFO:Creating final display dataframe.
2025-11-03 18:44:31,919:INFO:Setup _display_container:                     Description                                              Value
0                    Session id                                                 42
1                        Target                                            species
2                   Target type                                         Multiclass
3                Target mapping  Iris-setosa: 0, Iris-versicolor: 1, Iris-virgi...
4           Original data shape                                           (150, 5)
5        Transformed data shape                                           (150, 5)
6   Transformed train set shape                                           (105, 5)
7    Transformed test set shape                                            (45, 5)
8              Numeric features                                                  4
9                    Preprocess                                               True
10              Imputation type                                             simple
11           Numeric imputation                                               mean
12       Categorical imputation                                               mode
13               Fold Generator                                    StratifiedKFold
14                  Fold Number                                                 10
15                     CPU Jobs                                                 -1
16                      Use GPU                                              False
17               Log Experiment                                              False
18              Experiment Name                                   clf-default-name
19                          USI                                               4e91
2025-11-03 18:44:31,996:WARNING:
'xgboost' is a soft dependency and not included in the pycaret installation. Please run: `pip install xgboost` to install.
Alternately, you can install this by running `pip install pycaret[models]`
2025-11-03 18:44:31,997:WARNING:
'catboost' is a soft dependency and not included in the pycaret installation. Please run: `pip install catboost` to install.
Alternately, you can install this by running `pip install pycaret[models]`
2025-11-03 18:44:32,073:WARNING:
'xgboost' is a soft dependency and not included in the pycaret installation. Please run: `pip install xgboost` to install.
Alternately, you can install this by running `pip install pycaret[models]`
2025-11-03 18:44:32,073:WARNING:
'catboost' is a soft dependency and not included in the pycaret installation. Please run: `pip install catboost` to install.
Alternately, you can install this by running `pip install pycaret[models]`
2025-11-03 18:44:32,075:INFO:setup() successfully completed in 0.82s...............
2025-11-03 18:44:32,075:INFO:Initializing compare_models()
2025-11-03 18:44:32,075:INFO:compare_models(self=<pycaret.classification.oop.ClassificationExperiment object at 0x780dcc9fcf40>, include=None, fold=None, round=4, cross_validation=True, sort=Accuracy, n_select=1, budget_time=None, turbo=True, errors=ignore, fit_kwargs=None, groups=None, experiment_custom_tags=None, probability_threshold=None, verbose=True, parallel=None, caller_params={'self': <pycaret.classification.oop.ClassificationExperiment object at 0x780dcc9fcf40>, 'include': None, 'exclude': None, 'fold': None, 'round': 4, 'cross_validation': True, 'sort': 'Accuracy', 'n_select': 1, 'budget_time': None, 'turbo': True, 'errors': 'ignore', 'fit_kwargs': None, 'groups': None, 'experiment_custom_tags': None, 'probability_threshold': None, 'engine': None, 'verbose': True, 'parallel': None, '__class__': <class 'pycaret.classification.oop.ClassificationExperiment'>}, exclude=None)
2025-11-03 18:44:32,075:INFO:Checking exceptions
2025-11-03 18:44:32,079:INFO:Preparing display monitor
2025-11-03 18:44:32,084:INFO:Initializing Logistic Regression
2025-11-03 18:44:32,084:INFO:Total runtime is 3.4570693969726562e-06 minutes
2025-11-03 18:44:32,084:INFO:SubProcess create_model() called ==================================
2025-11-03 18:44:32,085:INFO:Initializing create_model()
2025-11-03 18:44:32,085:INFO:create_model(self=<pycaret.classification.oop.ClassificationExperiment object at 0x780dcc9fcf40>, estimator=lr, fold=StratifiedKFold(n_splits=10, random_state=None, shuffle=False), round=4, cross_validation=True, predict=True, fit_kwargs={}, groups=None, refit=False, probability_threshold=None, experiment_custom_tags=None, verbose=False, system=False, add_to_model_list=True, metrics=None, display=<pycaret.internal.display.display.CommonDisplay object at 0x780dcc7a8520>, model_only=True, return_train_score=False, error_score=0.0, kwargs={})
2025-11-03 18:44:32,085:INFO:Checking exceptions
2025-11-03 18:44:32,085:INFO:Importing libraries
2025-11-03 18:44:32,085:INFO:Copying training dataset
2025-11-03 18:44:32,089:INFO:Defining folds
2025-11-03 18:44:32,089:INFO:Declaring metric variables
2025-11-03 18:44:32,089:INFO:Importing untrained model
2025-11-03 18:44:32,090:INFO:Logistic Regression Imported successfully
2025-11-03 18:44:32,090:INFO:Starting cross validation
2025-11-03 18:44:32,091:INFO:Cross validating with StratifiedKFold(n_splits=10, random_state=None, shuffle=False), n_jobs=-1
2025-11-03 18:44:35,827:WARNING:/home/agentr2404/.local/lib/python3.10/site-packages/pycaret/internal/metrics.py:204: FitFailedWarning: Metric 'make_scorer(roc_auc_score, response_method=('decision_function', 'predict_proba'), average=weighted, multi_class=ovr)' failed and error score 0.0 has been returned instead. If this is a custom metric, this usually means that the error is in the metric code. Full exception below:
Traceback (most recent call last):
  File "/home/agentr2404/.local/lib/python3.10/site-packages/pycaret/internal/metrics.py", line 196, in _score
    return super()._score(
  File "/home/agentr2404/.local/lib/python3.10/site-packages/sklearn/metrics/_scorer.py", line 350, in _score
    return self._sign * self._score_func(y_true, y_pred, **scoring_kwargs)
  File "/home/agentr2404/.local/lib/python3.10/site-packages/pycaret/internal/metrics.py", line 144, in __call__
    return self.score_func(y_true, y_pred, **kwargs)
  File "/home/agentr2404/.local/lib/python3.10/site-packages/sklearn/utils/_param_validation.py", line 213, in wrapper
    return func(*args, **kwargs)
  File "/home/agentr2404/.local/lib/python3.10/site-packages/sklearn/metrics/_ranking.py", line 634, in roc_auc_score
    return _multiclass_roc_auc_score(
  File "/home/agentr2404/.local/lib/python3.10/site-packages/sklearn/metrics/_ranking.py", line 707, in _multiclass_roc_auc_score
    raise ValueError(
ValueError: Target scores need to be probabilities for multiclass roc_auc, i.e. they should sum up to 1.0 over classes

  warnings.warn(

2025-11-03 18:44:35,832:WARNING:/home/agentr2404/.local/lib/python3.10/site-packages/sklearn/metrics/_classification.py:1561: UserWarning: Note that pos_label (set to 'Iris-virginica') is ignored when average != 'binary' (got 'weighted'). You may use labels=[pos_label] to specify a single positive class.
  warnings.warn(

2025-11-03 18:44:35,838:WARNING:/home/agentr2404/.local/lib/python3.10/site-packages/sklearn/metrics/_classification.py:1561: UserWarning: Note that pos_label (set to 'Iris-virginica') is ignored when average != 'binary' (got 'weighted'). You may use labels=[pos_label] to specify a single positive class.
  warnings.warn(

2025-11-03 18:44:35,844:WARNING:/home/agentr2404/.local/lib/python3.10/site-packages/sklearn/metrics/_classification.py:1561: UserWarning: Note that pos_label (set to 'Iris-virginica') is ignored when average != 'binary' (got 'weighted'). You may use labels=[pos_label] to specify a single positive class.
  warnings.warn(

2025-11-03 18:44:35,865:WARNING:/home/agentr2404/.local/lib/python3.10/site-packages/pycaret/internal/metrics.py:204: FitFailedWarning: Metric 'make_scorer(roc_auc_score, response_method=('decision_function', 'predict_proba'), average=weighted, multi_class=ovr)' failed and error score 0.0 has been returned instead. If this is a custom metric, this usually means that the error is in the metric code. Full exception below:
Traceback (most recent call last):
  File "/home/agentr2404/.local/lib/python3.10/site-packages/pycaret/internal/metrics.py", line 196, in _score
    return super()._score(
  File "/home/agentr2404/.local/lib/python3.10/site-packages/sklearn/metrics/_scorer.py", line 350, in _score
    return self._sign * self._score_func(y_true, y_pred, **scoring_kwargs)
  File "/home/agentr2404/.local/lib/python3.10/site-packages/pycaret/internal/metrics.py", line 144, in __call__
    return self.score_func(y_true, y_pred, **kwargs)
  File "/home/agentr2404/.local/lib/python3.10/site-packages/sklearn/utils/_param_validation.py", line 213, in wrapper
    return func(*args, **kwargs)
  File "/home/agentr2404/.local/lib/python3.10/site-packages/sklearn/metrics/_ranking.py", line 634, in roc_auc_score
    return _multiclass_roc_auc_score(
  File "/home/agentr2404/.local/lib/python3.10/site-packages/sklearn/metrics/_ranking.py", line 707, in _multiclass_roc_auc_score
    raise ValueError(
ValueError: Target scores need to be probabilities for multiclass roc_auc, i.e. they should sum up to 1.0 over classes

  warnings.warn(

2025-11-03 18:44:35,870:WARNING:/home/agentr2404/.local/lib/python3.10/site-packages/sklearn/metrics/_classification.py:1561: UserWarning: Note that pos_label (set to 'Iris-virginica') is ignored when average != 'binary' (got 'weighted'). You may use labels=[pos_label] to specify a single positive class.
  warnings.warn(

2025-11-03 18:44:35,876:WARNING:/home/agentr2404/.local/lib/python3.10/site-packages/sklearn/metrics/_classification.py:1561: UserWarning: Note that pos_label (set to 'Iris-virginica') is ignored when average != 'binary' (got 'weighted'). You may use labels=[pos_label] to specify a single positive class.
  warnings.warn(

2025-11-03 18:44:35,882:WARNING:/home/agentr2404/.local/lib/python3.10/site-packages/sklearn/metrics/_classification.py:1561: UserWarning: Note that pos_label (set to 'Iris-virginica') is ignored when average != 'binary' (got 'weighted'). You may use labels=[pos_label] to specify a single positive class.
  warnings.warn(

2025-11-03 18:44:36,009:WARNING:/home/agentr2404/.local/lib/python3.10/site-packages/pycaret/internal/metrics.py:204: FitFailedWarning: Metric 'make_scorer(roc_auc_score, response_method=('decision_function', 'predict_proba'), average=weighted, multi_class=ovr)' failed and error score 0.0 has been returned instead. If this is a custom metric, this usually means that the error is in the metric code. Full exception below:
Traceback (most recent call last):
  File "/home/agentr2404/.local/lib/python3.10/site-packages/pycaret/internal/metrics.py", line 196, in _score
    return super()._score(
  File "/home/agentr2404/.local/lib/python3.10/site-packages/sklearn/metrics/_scorer.py", line 350, in _score
    return self._sign * self._score_func(y_true, y_pred, **scoring_kwargs)
  File "/home/agentr2404/.local/lib/python3.10/site-packages/pycaret/internal/metrics.py", line 144, in __call__
    return self.score_func(y_true, y_pred, **kwargs)
  File "/home/agentr2404/.local/lib/python3.10/site-packages/sklearn/utils/_param_validation.py", line 213, in wrapper
    return func(*args, **kwargs)
  File "/home/agentr2404/.local/lib/python3.10/site-packages/sklearn/metrics/_ranking.py", line 634, in roc_auc_score
    return _multiclass_roc_auc_score(
  File "/home/agentr2404/.local/lib/python3.10/site-packages/sklearn/metrics/_ranking.py", line 707, in _multiclass_roc_auc_score
    raise ValueError(
ValueError: Target scores need to be probabilities for multiclass roc_auc, i.e. they should sum up to 1.0 over classes

  warnings.warn(

2025-11-03 18:44:36,012:WARNING:/home/agentr2404/.local/lib/python3.10/site-packages/sklearn/metrics/_classification.py:1561: UserWarning: Note that pos_label (set to 'Iris-virginica') is ignored when average != 'binary' (got 'weighted'). You may use labels=[pos_label] to specify a single positive class.
  warnings.warn(

2025-11-03 18:44:36,018:WARNING:/home/agentr2404/.local/lib/python3.10/site-packages/sklearn/metrics/_classification.py:1561: UserWarning: Note that pos_label (set to 'Iris-virginica') is ignored when average != 'binary' (got 'weighted'). You may use labels=[pos_label] to specify a single positive class.
  warnings.warn(

2025-11-03 18:44:36,024:WARNING:/home/agentr2404/.local/lib/python3.10/site-packages/sklearn/metrics/_classification.py:1561: UserWarning: Note that pos_label (set to 'Iris-virginica') is ignored when average != 'binary' (got 'weighted'). You may use labels=[pos_label] to specify a single positive class.
  warnings.warn(

2025-11-03 18:44:36,041:WARNING:/home/agentr2404/.local/lib/python3.10/site-packages/pycaret/internal/metrics.py:204: FitFailedWarning: Metric 'make_scorer(roc_auc_score, response_method=('decision_function', 'predict_proba'), average=weighted, multi_class=ovr)' failed and error score 0.0 has been returned instead. If this is a custom metric, this usually means that the error is in the metric code. Full exception below:
Traceback (most recent call last):
  File "/home/agentr2404/.local/lib/python3.10/site-packages/pycaret/internal/metrics.py", line 196, in _score
    return super()._score(
  File "/home/agentr2404/.local/lib/python3.10/site-packages/sklearn/metrics/_scorer.py", line 350, in _score
    return self._sign * self._score_func(y_true, y_pred, **scoring_kwargs)
  File "/home/agentr2404/.local/lib/python3.10/site-packages/pycaret/internal/metrics.py", line 144, in __call__
    return self.score_func(y_true, y_pred, **kwargs)
  File "/home/agentr2404/.local/lib/python3.10/site-packages/sklearn/utils/_param_validation.py", line 213, in wrapper
    return func(*args, **kwargs)
  File "/home/agentr2404/.local/lib/python3.10/site-packages/sklearn/metrics/_ranking.py", line 634, in roc_auc_score
    return _multiclass_roc_auc_score(
  File "/home/agentr2404/.local/lib/python3.10/site-packages/sklearn/metrics/_ranking.py", line 707, in _multiclass_roc_auc_score
    raise ValueError(
ValueError: Target scores need to be probabilities for multiclass roc_auc, i.e. they should sum up to 1.0 over classes

  warnings.warn(

2025-11-03 18:44:36,044:WARNING:/home/agentr2404/.local/lib/python3.10/site-packages/sklearn/metrics/_classification.py:1561: UserWarning: Note that pos_label (set to 'Iris-virginica') is ignored when average != 'binary' (got 'weighted'). You may use labels=[pos_label] to specify a single positive class.
  warnings.warn(

2025-11-03 18:44:36,051:WARNING:/home/agentr2404/.local/lib/python3.10/site-packages/sklearn/metrics/_classification.py:1561: UserWarning: Note that pos_label (set to 'Iris-virginica') is ignored when average != 'binary' (got 'weighted'). You may use labels=[pos_label] to specify a single positive class.
  warnings.warn(

2025-11-03 18:44:36,057:WARNING:/home/agentr2404/.local/lib/python3.10/site-packages/sklearn/metrics/_classification.py:1561: UserWarning: Note that pos_label (set to 'Iris-virginica') is ignored when average != 'binary' (got 'weighted'). You may use labels=[pos_label] to specify a single positive class.
  warnings.warn(

2025-11-03 18:44:36,097:WARNING:/home/agentr2404/.local/lib/python3.10/site-packages/pycaret/internal/metrics.py:204: FitFailedWarning: Metric 'make_scorer(roc_auc_score, response_method=('decision_function', 'predict_proba'), average=weighted, multi_class=ovr)' failed and error score 0.0 has been returned instead. If this is a custom metric, this usually means that the error is in the metric code. Full exception below:
Traceback (most recent call last):
  File "/home/agentr2404/.local/lib/python3.10/site-packages/pycaret/internal/metrics.py", line 196, in _score
    return super()._score(
  File "/home/agentr2404/.local/lib/python3.10/site-packages/sklearn/metrics/_scorer.py", line 350, in _score
    return self._sign * self._score_func(y_true, y_pred, **scoring_kwargs)
  File "/home/agentr2404/.local/lib/python3.10/site-packages/pycaret/internal/metrics.py", line 144, in __call__
    return self.score_func(y_true, y_pred, **kwargs)
  File "/home/agentr2404/.local/lib/python3.10/site-packages/sklearn/utils/_param_validation.py", line 213, in wrapper
    return func(*args, **kwargs)
  File "/home/agentr2404/.local/lib/python3.10/site-packages/sklearn/metrics/_ranking.py", line 634, in roc_auc_score
    return _multiclass_roc_auc_score(
  File "/home/agentr2404/.local/lib/python3.10/site-packages/sklearn/metrics/_ranking.py", line 707, in _multiclass_roc_auc_score
    raise ValueError(
ValueError: Target scores need to be probabilities for multiclass roc_auc, i.e. they should sum up to 1.0 over classes

  warnings.warn(

2025-11-03 18:44:36,100:WARNING:/home/agentr2404/.local/lib/python3.10/site-packages/sklearn/metrics/_classification.py:1561: UserWarning: Note that pos_label (set to 'Iris-virginica') is ignored when average != 'binary' (got 'weighted'). You may use labels=[pos_label] to specify a single positive class.
  warnings.warn(

2025-11-03 18:44:36,106:WARNING:/home/agentr2404/.local/lib/python3.10/site-packages/sklearn/metrics/_classification.py:1561: UserWarning: Note that pos_label (set to 'Iris-virginica') is ignored when average != 'binary' (got 'weighted'). You may use labels=[pos_label] to specify a single positive class.
  warnings.warn(

2025-11-03 18:44:36,112:WARNING:/home/agentr2404/.local/lib/python3.10/site-packages/sklearn/metrics/_classification.py:1561: UserWarning: Note that pos_label (set to 'Iris-virginica') is ignored when average != 'binary' (got 'weighted'). You may use labels=[pos_label] to specify a single positive class.
  warnings.warn(

2025-11-03 18:44:36,135:WARNING:/home/agentr2404/.local/lib/python3.10/site-packages/pycaret/internal/metrics.py:204: FitFailedWarning: Metric 'make_scorer(roc_auc_score, response_method=('decision_function', 'predict_proba'), average=weighted, multi_class=ovr)' failed and error score 0.0 has been returned instead. If this is a custom metric, this usually means that the error is in the metric code. Full exception below:
Traceback (most recent call last):
  File "/home/agentr2404/.local/lib/python3.10/site-packages/pycaret/internal/metrics.py", line 196, in _score
    return super()._score(
  File "/home/agentr2404/.local/lib/python3.10/site-packages/sklearn/metrics/_scorer.py", line 350, in _score
    return self._sign * self._score_func(y_true, y_pred, **scoring_kwargs)
  File "/home/agentr2404/.local/lib/python3.10/site-packages/pycaret/internal/metrics.py", line 144, in __call__
    return self.score_func(y_true, y_pred, **kwargs)
  File "/home/agentr2404/.local/lib/python3.10/site-packages/sklearn/utils/_param_validation.py", line 213, in wrapper
    return func(*args, **kwargs)
  File "/home/agentr2404/.local/lib/python3.10/site-packages/sklearn/metrics/_ranking.py", line 634, in roc_auc_score
    return _multiclass_roc_auc_score(
  File "/home/agentr2404/.local/lib/python3.10/site-packages/sklearn/metrics/_ranking.py", line 707, in _multiclass_roc_auc_score
    raise ValueError(
ValueError: Target scores need to be probabilities for multiclass roc_auc, i.e. they should sum up to 1.0 over classes

  warnings.warn(

2025-11-03 18:44:36,138:WARNING:/home/agentr2404/.local/lib/python3.10/site-packages/sklearn/metrics/_classification.py:1561: UserWarning: Note that pos_label (set to 'Iris-virginica') is ignored when average != 'binary' (got 'weighted'). You may use labels=[pos_label] to specify a single positive class.
  warnings.warn(

2025-11-03 18:44:36,144:WARNING:/home/agentr2404/.local/lib/python3.10/site-packages/sklearn/metrics/_classification.py:1561: UserWarning: Note that pos_label (set to 'Iris-virginica') is ignored when average != 'binary' (got 'weighted'). You may use labels=[pos_label] to specify a single positive class.
  warnings.warn(

2025-11-03 18:44:36,150:WARNING:/home/agentr2404/.local/lib/python3.10/site-packages/sklearn/metrics/_classification.py:1561: UserWarning: Note that pos_label (set to 'Iris-virginica') is ignored when average != 'binary' (got 'weighted'). You may use labels=[pos_label] to specify a single positive class.
  warnings.warn(

2025-11-03 18:44:36,188:WARNING:/home/agentr2404/.local/lib/python3.10/site-packages/pycaret/internal/metrics.py:204: FitFailedWarning: Metric 'make_scorer(roc_auc_score, response_method=('decision_function', 'predict_proba'), average=weighted, multi_class=ovr)' failed and error score 0.0 has been returned instead. If this is a custom metric, this usually means that the error is in the metric code. Full exception below:
Traceback (most recent call last):
  File "/home/agentr2404/.local/lib/python3.10/site-packages/pycaret/internal/metrics.py", line 196, in _score
    return super()._score(
  File "/home/agentr2404/.local/lib/python3.10/site-packages/sklearn/metrics/_scorer.py", line 350, in _score
    return self._sign * self._score_func(y_true, y_pred, **scoring_kwargs)
  File "/home/agentr2404/.local/lib/python3.10/site-packages/pycaret/internal/metrics.py", line 144, in __call__
    return self.score_func(y_true, y_pred, **kwargs)
  File "/home/agentr2404/.local/lib/python3.10/site-packages/sklearn/utils/_param_validation.py", line 213, in wrapper
    return func(*args, **kwargs)
  File "/home/agentr2404/.local/lib/python3.10/site-packages/sklearn/metrics/_ranking.py", line 634, in roc_auc_score
    return _multiclass_roc_auc_score(
  File "/home/agentr2404/.local/lib/python3.10/site-packages/sklearn/metrics/_ranking.py", line 707, in _multiclass_roc_auc_score
    raise ValueError(
ValueError: Target scores need to be probabilities for multiclass roc_auc, i.e. they should sum up to 1.0 over classes

  warnings.warn(

2025-11-03 18:44:36,191:WARNING:/home/agentr2404/.local/lib/python3.10/site-packages/sklearn/metrics/_classification.py:1561: UserWarning: Note that pos_label (set to 'Iris-virginica') is ignored when average != 'binary' (got 'weighted'). You may use labels=[pos_label] to specify a single positive class.
  warnings.warn(

2025-11-03 18:44:36,197:WARNING:/home/agentr2404/.local/lib/python3.10/site-packages/sklearn/metrics/_classification.py:1561: UserWarning: Note that pos_label (set to 'Iris-virginica') is ignored when average != 'binary' (got 'weighted'). You may use labels=[pos_label] to specify a single positive class.
  warnings.warn(

2025-11-03 18:44:36,203:WARNING:/home/agentr2404/.local/lib/python3.10/site-packages/sklearn/metrics/_classification.py:1561: UserWarning: Note that pos_label (set to 'Iris-virginica') is ignored when average != 'binary' (got 'weighted'). You may use labels=[pos_label] to specify a single positive class.
  warnings.warn(

2025-11-03 18:44:36,221:WARNING:/home/agentr2404/.local/lib/python3.10/site-packages/pycaret/internal/metrics.py:204: FitFailedWarning: Metric 'make_scorer(roc_auc_score, response_method=('decision_function', 'predict_proba'), average=weighted, multi_class=ovr)' failed and error score 0.0 has been returned instead. If this is a custom metric, this usually means that the error is in the metric code. Full exception below:
Traceback (most recent call last):
  File "/home/agentr2404/.local/lib/python3.10/site-packages/pycaret/internal/metrics.py", line 196, in _score
    return super()._score(
  File "/home/agentr2404/.local/lib/python3.10/site-packages/sklearn/metrics/_scorer.py", line 350, in _score
    return self._sign * self._score_func(y_true, y_pred, **scoring_kwargs)
  File "/home/agentr2404/.local/lib/python3.10/site-packages/pycaret/internal/metrics.py", line 144, in __call__
    return self.score_func(y_true, y_pred, **kwargs)
  File "/home/agentr2404/.local/lib/python3.10/site-packages/sklearn/utils/_param_validation.py", line 213, in wrapper
    return func(*args, **kwargs)
  File "/home/agentr2404/.local/lib/python3.10/site-packages/sklearn/metrics/_ranking.py", line 634, in roc_auc_score
    return _multiclass_roc_auc_score(
  File "/home/agentr2404/.local/lib/python3.10/site-packages/sklearn/metrics/_ranking.py", line 707, in _multiclass_roc_auc_score
    raise ValueError(
ValueError: Target scores need to be probabilities for multiclass roc_auc, i.e. they should sum up to 1.0 over classes

  warnings.warn(

2025-11-03 18:44:36,225:WARNING:/home/agentr2404/.local/lib/python3.10/site-packages/sklearn/metrics/_classification.py:1561: UserWarning: Note that pos_label (set to 'Iris-virginica') is ignored when average != 'binary' (got 'weighted'). You may use labels=[pos_label] to specify a single positive class.
  warnings.warn(

2025-11-03 18:44:36,230:WARNING:/home/agentr2404/.local/lib/python3.10/site-packages/sklearn/metrics/_classification.py:1561: UserWarning: Note that pos_label (set to 'Iris-virginica') is ignored when average != 'binary' (got 'weighted'). You may use labels=[pos_label] to specify a single positive class.
  warnings.warn(

2025-11-03 18:44:36,236:WARNING:/home/agentr2404/.local/lib/python3.10/site-packages/sklearn/metrics/_classification.py:1561: UserWarning: Note that pos_label (set to 'Iris-virginica') is ignored when average != 'binary' (got 'weighted'). You may use labels=[pos_label] to specify a single positive class.
  warnings.warn(

2025-11-03 18:44:36,268:WARNING:/home/agentr2404/.local/lib/python3.10/site-packages/pycaret/internal/metrics.py:204: FitFailedWarning: Metric 'make_scorer(roc_auc_score, response_method=('decision_function', 'predict_proba'), average=weighted, multi_class=ovr)' failed and error score 0.0 has been returned instead. If this is a custom metric, this usually means that the error is in the metric code. Full exception below:
Traceback (most recent call last):
  File "/home/agentr2404/.local/lib/python3.10/site-packages/pycaret/internal/metrics.py", line 196, in _score
    return super()._score(
  File "/home/agentr2404/.local/lib/python3.10/site-packages/sklearn/metrics/_scorer.py", line 350, in _score
    return self._sign * self._score_func(y_true, y_pred, **scoring_kwargs)
  File "/home/agentr2404/.local/lib/python3.10/site-packages/pycaret/internal/metrics.py", line 144, in __call__
    return self.score_func(y_true, y_pred, **kwargs)
  File "/home/agentr2404/.local/lib/python3.10/site-packages/sklearn/utils/_param_validation.py", line 213, in wrapper
    return func(*args, **kwargs)
  File "/home/agentr2404/.local/lib/python3.10/site-packages/sklearn/metrics/_ranking.py", line 634, in roc_auc_score
    return _multiclass_roc_auc_score(
  File "/home/agentr2404/.local/lib/python3.10/site-packages/sklearn/metrics/_ranking.py", line 707, in _multiclass_roc_auc_score
    raise ValueError(
ValueError: Target scores need to be probabilities for multiclass roc_auc, i.e. they should sum up to 1.0 over classes

  warnings.warn(

2025-11-03 18:44:36,271:WARNING:/home/agentr2404/.local/lib/python3.10/site-packages/sklearn/metrics/_classification.py:1561: UserWarning: Note that pos_label (set to 'Iris-virginica') is ignored when average != 'binary' (got 'weighted'). You may use labels=[pos_label] to specify a single positive class.
  warnings.warn(

2025-11-03 18:44:36,277:WARNING:/home/agentr2404/.local/lib/python3.10/site-packages/sklearn/metrics/_classification.py:1561: UserWarning: Note that pos_label (set to 'Iris-virginica') is ignored when average != 'binary' (got 'weighted'). You may use labels=[pos_label] to specify a single positive class.
  warnings.warn(

2025-11-03 18:44:36,283:WARNING:/home/agentr2404/.local/lib/python3.10/site-packages/sklearn/metrics/_classification.py:1561: UserWarning: Note that pos_label (set to 'Iris-virginica') is ignored when average != 'binary' (got 'weighted'). You may use labels=[pos_label] to specify a single positive class.
  warnings.warn(

2025-11-03 18:44:36,299:WARNING:/home/agentr2404/.local/lib/python3.10/site-packages/pycaret/internal/metrics.py:204: FitFailedWarning: Metric 'make_scorer(roc_auc_score, response_method=('decision_function', 'predict_proba'), average=weighted, multi_class=ovr)' failed and error score 0.0 has been returned instead. If this is a custom metric, this usually means that the error is in the metric code. Full exception below:
Traceback (most recent call last):
  File "/home/agentr2404/.local/lib/python3.10/site-packages/pycaret/internal/metrics.py", line 196, in _score
    return super()._score(
  File "/home/agentr2404/.local/lib/python3.10/site-packages/sklearn/metrics/_scorer.py", line 350, in _score
    return self._sign * self._score_func(y_true, y_pred, **scoring_kwargs)
  File "/home/agentr2404/.local/lib/python3.10/site-packages/pycaret/internal/metrics.py", line 144, in __call__
    return self.score_func(y_true, y_pred, **kwargs)
  File "/home/agentr2404/.local/lib/python3.10/site-packages/sklearn/utils/_param_validation.py", line 213, in wrapper
    return func(*args, **kwargs)
  File "/home/agentr2404/.local/lib/python3.10/site-packages/sklearn/metrics/_ranking.py", line 634, in roc_auc_score
    return _multiclass_roc_auc_score(
  File "/home/agentr2404/.local/lib/python3.10/site-packages/sklearn/metrics/_ranking.py", line 707, in _multiclass_roc_auc_score
    raise ValueError(
ValueError: Target scores need to be probabilities for multiclass roc_auc, i.e. they should sum up to 1.0 over classes

  warnings.warn(

2025-11-03 18:44:36,300:WARNING:/home/agentr2404/.local/lib/python3.10/site-packages/sklearn/metrics/_classification.py:1561: UserWarning: Note that pos_label (set to 'Iris-virginica') is ignored when average != 'binary' (got 'weighted'). You may use labels=[pos_label] to specify a single positive class.
  warnings.warn(

2025-11-03 18:44:36,303:WARNING:/home/agentr2404/.local/lib/python3.10/site-packages/sklearn/metrics/_classification.py:1561: UserWarning: Note that pos_label (set to 'Iris-virginica') is ignored when average != 'binary' (got 'weighted'). You may use labels=[pos_label] to specify a single positive class.
  warnings.warn(

2025-11-03 18:44:36,306:WARNING:/home/agentr2404/.local/lib/python3.10/site-packages/sklearn/metrics/_classification.py:1561: UserWarning: Note that pos_label (set to 'Iris-virginica') is ignored when average != 'binary' (got 'weighted'). You may use labels=[pos_label] to specify a single positive class.
  warnings.warn(

2025-11-03 18:44:36,316:INFO:Calculating mean and std
2025-11-03 18:44:36,317:INFO:Creating metrics dataframe
2025-11-03 18:44:36,321:INFO:Uploading results into container
2025-11-03 18:44:36,321:INFO:Uploading model into container now
2025-11-03 18:44:36,322:INFO:_master_model_container: 1
2025-11-03 18:44:36,322:INFO:_display_container: 2
2025-11-03 18:44:36,323:INFO:LogisticRegression(C=1.0, class_weight=None, dual=False, fit_intercept=True,
                   intercept_scaling=1, l1_ratio=None, max_iter=1000,
                   multi_class='auto', n_jobs=None, penalty='l2',
                   random_state=42, solver='lbfgs', tol=0.0001, verbose=0,
                   warm_start=False)
2025-11-03 18:44:36,323:INFO:create_model() successfully completed......................................
2025-11-03 18:44:36,432:INFO:SubProcess create_model() end ==================================
2025-11-03 18:44:36,432:INFO:Creating metrics dataframe
2025-11-03 18:44:36,435:INFO:Initializing K Neighbors Classifier
2025-11-03 18:44:36,435:INFO:Total runtime is 0.07252649068832398 minutes
2025-11-03 18:44:36,436:INFO:SubProcess create_model() called ==================================
2025-11-03 18:44:36,436:INFO:Initializing create_model()
2025-11-03 18:44:36,436:INFO:create_model(self=<pycaret.classification.oop.ClassificationExperiment object at 0x780dcc9fcf40>, estimator=knn, fold=StratifiedKFold(n_splits=10, random_state=None, shuffle=False), round=4, cross_validation=True, predict=True, fit_kwargs={}, groups=None, refit=False, probability_threshold=None, experiment_custom_tags=None, verbose=False, system=False, add_to_model_list=True, metrics=None, display=<pycaret.internal.display.display.CommonDisplay object at 0x780dcc7a8520>, model_only=True, return_train_score=False, error_score=0.0, kwargs={})
2025-11-03 18:44:36,436:INFO:Checking exceptions
2025-11-03 18:44:36,436:INFO:Importing libraries
2025-11-03 18:44:36,436:INFO:Copying training dataset
2025-11-03 18:44:36,439:INFO:Defining folds
2025-11-03 18:44:36,439:INFO:Declaring metric variables
2025-11-03 18:44:36,440:INFO:Importing untrained model
2025-11-03 18:44:36,440:INFO:K Neighbors Classifier Imported successfully
2025-11-03 18:44:36,440:INFO:Starting cross validation
2025-11-03 18:44:36,441:INFO:Cross validating with StratifiedKFold(n_splits=10, random_state=None, shuffle=False), n_jobs=-1
2025-11-03 18:44:36,530:WARNING:/home/agentr2404/.local/lib/python3.10/site-packages/sklearn/metrics/_classification.py:1561: UserWarning: Note that pos_label (set to 'Iris-virginica') is ignored when average != 'binary' (got 'weighted'). You may use labels=[pos_label] to specify a single positive class.
  warnings.warn(

2025-11-03 18:44:36,530:WARNING:/home/agentr2404/.local/lib/python3.10/site-packages/sklearn/metrics/_classification.py:1561: UserWarning: Note that pos_label (set to 'Iris-virginica') is ignored when average != 'binary' (got 'weighted'). You may use labels=[pos_label] to specify a single positive class.
  warnings.warn(

2025-11-03 18:44:36,535:WARNING:/home/agentr2404/.local/lib/python3.10/site-packages/sklearn/metrics/_classification.py:1561: UserWarning: Note that pos_label (set to 'Iris-virginica') is ignored when average != 'binary' (got 'weighted'). You may use labels=[pos_label] to specify a single positive class.
  warnings.warn(

2025-11-03 18:44:36,535:WARNING:/home/agentr2404/.local/lib/python3.10/site-packages/sklearn/metrics/_classification.py:1561: UserWarning: Note that pos_label (set to 'Iris-virginica') is ignored when average != 'binary' (got 'weighted'). You may use labels=[pos_label] to specify a single positive class.
  warnings.warn(

2025-11-03 18:44:36,541:WARNING:/home/agentr2404/.local/lib/python3.10/site-packages/sklearn/metrics/_classification.py:1561: UserWarning: Note that pos_label (set to 'Iris-virginica') is ignored when average != 'binary' (got 'weighted'). You may use labels=[pos_label] to specify a single positive class.
  warnings.warn(

2025-11-03 18:44:36,541:WARNING:/home/agentr2404/.local/lib/python3.10/site-packages/sklearn/metrics/_classification.py:1561: UserWarning: Note that pos_label (set to 'Iris-virginica') is ignored when average != 'binary' (got 'weighted'). You may use labels=[pos_label] to specify a single positive class.
  warnings.warn(

2025-11-03 18:44:36,617:WARNING:/home/agentr2404/.local/lib/python3.10/site-packages/sklearn/metrics/_classification.py:1561: UserWarning: Note that pos_label (set to 'Iris-virginica') is ignored when average != 'binary' (got 'weighted'). You may use labels=[pos_label] to specify a single positive class.
  warnings.warn(

2025-11-03 18:44:36,621:WARNING:/home/agentr2404/.local/lib/python3.10/site-packages/sklearn/metrics/_classification.py:1561: UserWarning: Note that pos_label (set to 'Iris-virginica') is ignored when average != 'binary' (got 'weighted'). You may use labels=[pos_label] to specify a single positive class.
  warnings.warn(

2025-11-03 18:44:36,627:WARNING:/home/agentr2404/.local/lib/python3.10/site-packages/sklearn/metrics/_classification.py:1561: UserWarning: Note that pos_label (set to 'Iris-virginica') is ignored when average != 'binary' (got 'weighted'). You may use labels=[pos_label] to specify a single positive class.
  warnings.warn(

2025-11-03 18:44:36,630:WARNING:/home/agentr2404/.local/lib/python3.10/site-packages/sklearn/metrics/_classification.py:1561: UserWarning: Note that pos_label (set to 'Iris-virginica') is ignored when average != 'binary' (got 'weighted'). You may use labels=[pos_label] to specify a single positive class.
  warnings.warn(

2025-11-03 18:44:36,636:WARNING:/home/agentr2404/.local/lib/python3.10/site-packages/sklearn/metrics/_classification.py:1561: UserWarning: Note that pos_label (set to 'Iris-virginica') is ignored when average != 'binary' (got 'weighted'). You may use labels=[pos_label] to specify a single positive class.
  warnings.warn(

2025-11-03 18:44:36,642:WARNING:/home/agentr2404/.local/lib/python3.10/site-packages/sklearn/metrics/_classification.py:1561: UserWarning: Note that pos_label (set to 'Iris-virginica') is ignored when average != 'binary' (got 'weighted'). You may use labels=[pos_label] to specify a single positive class.
  warnings.warn(

2025-11-03 18:44:36,722:WARNING:/home/agentr2404/.local/lib/python3.10/site-packages/sklearn/metrics/_classification.py:1561: UserWarning: Note that pos_label (set to 'Iris-virginica') is ignored when average != 'binary' (got 'weighted'). You may use labels=[pos_label] to specify a single positive class.
  warnings.warn(

2025-11-03 18:44:36,724:WARNING:/home/agentr2404/.local/lib/python3.10/site-packages/sklearn/metrics/_classification.py:1561: UserWarning: Note that pos_label (set to 'Iris-virginica') is ignored when average != 'binary' (got 'weighted'). You may use labels=[pos_label] to specify a single positive class.
  warnings.warn(

2025-11-03 18:44:36,728:WARNING:/home/agentr2404/.local/lib/python3.10/site-packages/sklearn/metrics/_classification.py:1561: UserWarning: Note that pos_label (set to 'Iris-virginica') is ignored when average != 'binary' (got 'weighted'). You may use labels=[pos_label] to specify a single positive class.
  warnings.warn(

2025-11-03 18:44:36,730:WARNING:/home/agentr2404/.local/lib/python3.10/site-packages/sklearn/metrics/_classification.py:1561: UserWarning: Note that pos_label (set to 'Iris-virginica') is ignored when average != 'binary' (got 'weighted'). You may use labels=[pos_label] to specify a single positive class.
  warnings.warn(

2025-11-03 18:44:36,734:WARNING:/home/agentr2404/.local/lib/python3.10/site-packages/sklearn/metrics/_classification.py:1561: UserWarning: Note that pos_label (set to 'Iris-virginica') is ignored when average != 'binary' (got 'weighted'). You may use labels=[pos_label] to specify a single positive class.
  warnings.warn(

2025-11-03 18:44:36,736:WARNING:/home/agentr2404/.local/lib/python3.10/site-packages/sklearn/metrics/_classification.py:1561: UserWarning: Note that pos_label (set to 'Iris-virginica') is ignored when average != 'binary' (got 'weighted'). You may use labels=[pos_label] to specify a single positive class.
  warnings.warn(

2025-11-03 18:44:36,813:WARNING:/home/agentr2404/.local/lib/python3.10/site-packages/sklearn/metrics/_classification.py:1561: UserWarning: Note that pos_label (set to 'Iris-virginica') is ignored when average != 'binary' (got 'weighted'). You may use labels=[pos_label] to specify a single positive class.
  warnings.warn(

2025-11-03 18:44:36,816:WARNING:/home/agentr2404/.local/lib/python3.10/site-packages/sklearn/metrics/_classification.py:1561: UserWarning: Note that pos_label (set to 'Iris-virginica') is ignored when average != 'binary' (got 'weighted'). You may use labels=[pos_label] to specify a single positive class.
  warnings.warn(

2025-11-03 18:44:36,819:WARNING:/home/agentr2404/.local/lib/python3.10/site-packages/sklearn/metrics/_classification.py:1561: UserWarning: Note that pos_label (set to 'Iris-virginica') is ignored when average != 'binary' (got 'weighted'). You may use labels=[pos_label] to specify a single positive class.
  warnings.warn(

2025-11-03 18:44:36,822:WARNING:/home/agentr2404/.local/lib/python3.10/site-packages/sklearn/metrics/_classification.py:1561: UserWarning: Note that pos_label (set to 'Iris-virginica') is ignored when average != 'binary' (got 'weighted'). You may use labels=[pos_label] to specify a single positive class.
  warnings.warn(

2025-11-03 18:44:36,825:WARNING:/home/agentr2404/.local/lib/python3.10/site-packages/sklearn/metrics/_classification.py:1561: UserWarning: Note that pos_label (set to 'Iris-virginica') is ignored when average != 'binary' (got 'weighted'). You may use labels=[pos_label] to specify a single positive class.
  warnings.warn(

2025-11-03 18:44:36,827:WARNING:/home/agentr2404/.local/lib/python3.10/site-packages/sklearn/metrics/_classification.py:1561: UserWarning: Note that pos_label (set to 'Iris-virginica') is ignored when average != 'binary' (got 'weighted'). You may use labels=[pos_label] to specify a single positive class.
  warnings.warn(

2025-11-03 18:44:36,905:WARNING:/home/agentr2404/.local/lib/python3.10/site-packages/sklearn/metrics/_classification.py:1561: UserWarning: Note that pos_label (set to 'Iris-virginica') is ignored when average != 'binary' (got 'weighted'). You may use labels=[pos_label] to specify a single positive class.
  warnings.warn(

2025-11-03 18:44:36,911:WARNING:/home/agentr2404/.local/lib/python3.10/site-packages/sklearn/metrics/_classification.py:1561: UserWarning: Note that pos_label (set to 'Iris-virginica') is ignored when average != 'binary' (got 'weighted'). You may use labels=[pos_label] to specify a single positive class.
  warnings.warn(

2025-11-03 18:44:36,911:WARNING:/home/agentr2404/.local/lib/python3.10/site-packages/sklearn/metrics/_classification.py:1561: UserWarning: Note that pos_label (set to 'Iris-virginica') is ignored when average != 'binary' (got 'weighted'). You may use labels=[pos_label] to specify a single positive class.
  warnings.warn(

2025-11-03 18:44:36,916:WARNING:/home/agentr2404/.local/lib/python3.10/site-packages/sklearn/metrics/_classification.py:1561: UserWarning: Note that pos_label (set to 'Iris-virginica') is ignored when average != 'binary' (got 'weighted'). You may use labels=[pos_label] to specify a single positive class.
  warnings.warn(

2025-11-03 18:44:36,917:WARNING:/home/agentr2404/.local/lib/python3.10/site-packages/sklearn/metrics/_classification.py:1561: UserWarning: Note that pos_label (set to 'Iris-virginica') is ignored when average != 'binary' (got 'weighted'). You may use labels=[pos_label] to specify a single positive class.
  warnings.warn(

2025-11-03 18:44:36,922:WARNING:/home/agentr2404/.local/lib/python3.10/site-packages/sklearn/metrics/_classification.py:1561: UserWarning: Note that pos_label (set to 'Iris-virginica') is ignored when average != 'binary' (got 'weighted'). You may use labels=[pos_label] to specify a single positive class.
  warnings.warn(

2025-11-03 18:44:36,936:INFO:Calculating mean and std
2025-11-03 18:44:36,936:INFO:Creating metrics dataframe
2025-11-03 18:44:36,939:INFO:Uploading results into container
2025-11-03 18:44:36,939:INFO:Uploading model into container now
2025-11-03 18:44:36,939:INFO:_master_model_container: 2
2025-11-03 18:44:36,939:INFO:_display_container: 2
2025-11-03 18:44:36,940:INFO:KNeighborsClassifier(algorithm='auto', leaf_size=30, metric='minkowski',
                     metric_params=None, n_jobs=-1, n_neighbors=5, p=2,
                     weights='uniform')
2025-11-03 18:44:36,940:INFO:create_model() successfully completed......................................
2025-11-03 18:44:37,051:INFO:SubProcess create_model() end ==================================
2025-11-03 18:44:37,051:INFO:Creating metrics dataframe
2025-11-03 18:44:37,055:INFO:Initializing Naive Bayes
2025-11-03 18:44:37,055:INFO:Total runtime is 0.08284947077433269 minutes
2025-11-03 18:44:37,055:INFO:SubProcess create_model() called ==================================
2025-11-03 18:44:37,055:INFO:Initializing create_model()
2025-11-03 18:44:37,055:INFO:create_model(self=<pycaret.classification.oop.ClassificationExperiment object at 0x780dcc9fcf40>, estimator=nb, fold=StratifiedKFold(n_splits=10, random_state=None, shuffle=False), round=4, cross_validation=True, predict=True, fit_kwargs={}, groups=None, refit=False, probability_threshold=None, experiment_custom_tags=None, verbose=False, system=False, add_to_model_list=True, metrics=None, display=<pycaret.internal.display.display.CommonDisplay object at 0x780dcc7a8520>, model_only=True, return_train_score=False, error_score=0.0, kwargs={})
2025-11-03 18:44:37,055:INFO:Checking exceptions
2025-11-03 18:44:37,056:INFO:Importing libraries
2025-11-03 18:44:37,056:INFO:Copying training dataset
2025-11-03 18:44:37,059:INFO:Defining folds
2025-11-03 18:44:37,059:INFO:Declaring metric variables
2025-11-03 18:44:37,059:INFO:Importing untrained model
2025-11-03 18:44:37,060:INFO:Naive Bayes Imported successfully
2025-11-03 18:44:37,060:INFO:Starting cross validation
2025-11-03 18:44:37,061:INFO:Cross validating with StratifiedKFold(n_splits=10, random_state=None, shuffle=False), n_jobs=-1
2025-11-03 18:44:37,120:WARNING:/home/agentr2404/.local/lib/python3.10/site-packages/sklearn/metrics/_classification.py:1561: UserWarning: Note that pos_label (set to 'Iris-virginica') is ignored when average != 'binary' (got 'weighted'). You may use labels=[pos_label] to specify a single positive class.
  warnings.warn(

2025-11-03 18:44:37,126:WARNING:/home/agentr2404/.local/lib/python3.10/site-packages/sklearn/metrics/_classification.py:1561: UserWarning: Note that pos_label (set to 'Iris-virginica') is ignored when average != 'binary' (got 'weighted'). You may use labels=[pos_label] to specify a single positive class.
  warnings.warn(

2025-11-03 18:44:37,128:WARNING:/home/agentr2404/.local/lib/python3.10/site-packages/sklearn/metrics/_classification.py:1561: UserWarning: Note that pos_label (set to 'Iris-virginica') is ignored when average != 'binary' (got 'weighted'). You may use labels=[pos_label] to specify a single positive class.
  warnings.warn(

2025-11-03 18:44:37,132:WARNING:/home/agentr2404/.local/lib/python3.10/site-packages/sklearn/metrics/_classification.py:1561: UserWarning: Note that pos_label (set to 'Iris-virginica') is ignored when average != 'binary' (got 'weighted'). You may use labels=[pos_label] to specify a single positive class.
  warnings.warn(

2025-11-03 18:44:37,134:WARNING:/home/agentr2404/.local/lib/python3.10/site-packages/sklearn/metrics/_classification.py:1561: UserWarning: Note that pos_label (set to 'Iris-virginica') is ignored when average != 'binary' (got 'weighted'). You may use labels=[pos_label] to specify a single positive class.
  warnings.warn(

2025-11-03 18:44:37,140:WARNING:/home/agentr2404/.local/lib/python3.10/site-packages/sklearn/metrics/_classification.py:1561: UserWarning: Note that pos_label (set to 'Iris-virginica') is ignored when average != 'binary' (got 'weighted'). You may use labels=[pos_label] to specify a single positive class.
  warnings.warn(

2025-11-03 18:44:37,195:WARNING:/home/agentr2404/.local/lib/python3.10/site-packages/sklearn/metrics/_classification.py:1561: UserWarning: Note that pos_label (set to 'Iris-virginica') is ignored when average != 'binary' (got 'weighted'). You may use labels=[pos_label] to specify a single positive class.
  warnings.warn(

2025-11-03 18:44:37,202:WARNING:/home/agentr2404/.local/lib/python3.10/site-packages/sklearn/metrics/_classification.py:1561: UserWarning: Note that pos_label (set to 'Iris-virginica') is ignored when average != 'binary' (got 'weighted'). You may use labels=[pos_label] to specify a single positive class.
  warnings.warn(

2025-11-03 18:44:37,205:WARNING:/home/agentr2404/.local/lib/python3.10/site-packages/sklearn/metrics/_classification.py:1561: UserWarning: Note that pos_label (set to 'Iris-virginica') is ignored when average != 'binary' (got 'weighted'). You may use labels=[pos_label] to specify a single positive class.
  warnings.warn(

2025-11-03 18:44:37,209:WARNING:/home/agentr2404/.local/lib/python3.10/site-packages/sklearn/metrics/_classification.py:1561: UserWarning: Note that pos_label (set to 'Iris-virginica') is ignored when average != 'binary' (got 'weighted'). You may use labels=[pos_label] to specify a single positive class.
  warnings.warn(

2025-11-03 18:44:37,212:WARNING:/home/agentr2404/.local/lib/python3.10/site-packages/sklearn/metrics/_classification.py:1561: UserWarning: Note that pos_label (set to 'Iris-virginica') is ignored when average != 'binary' (got 'weighted'). You may use labels=[pos_label] to specify a single positive class.
  warnings.warn(

2025-11-03 18:44:37,219:WARNING:/home/agentr2404/.local/lib/python3.10/site-packages/sklearn/metrics/_classification.py:1561: UserWarning: Note that pos_label (set to 'Iris-virginica') is ignored when average != 'binary' (got 'weighted'). You may use labels=[pos_label] to specify a single positive class.
  warnings.warn(

2025-11-03 18:44:37,271:WARNING:/home/agentr2404/.local/lib/python3.10/site-packages/sklearn/metrics/_classification.py:1561: UserWarning: Note that pos_label (set to 'Iris-virginica') is ignored when average != 'binary' (got 'weighted'). You may use labels=[pos_label] to specify a single positive class.
  warnings.warn(

2025-11-03 18:44:37,277:WARNING:/home/agentr2404/.local/lib/python3.10/site-packages/sklearn/metrics/_classification.py:1561: UserWarning: Note that pos_label (set to 'Iris-virginica') is ignored when average != 'binary' (got 'weighted'). You may use labels=[pos_label] to specify a single positive class.
  warnings.warn(

2025-11-03 18:44:37,282:WARNING:/home/agentr2404/.local/lib/python3.10/site-packages/sklearn/metrics/_classification.py:1561: UserWarning: Note that pos_label (set to 'Iris-virginica') is ignored when average != 'binary' (got 'weighted'). You may use labels=[pos_label] to specify a single positive class.
  warnings.warn(

2025-11-03 18:44:37,284:WARNING:/home/agentr2404/.local/lib/python3.10/site-packages/sklearn/metrics/_classification.py:1561: UserWarning: Note that pos_label (set to 'Iris-virginica') is ignored when average != 'binary' (got 'weighted'). You may use labels=[pos_label] to specify a single positive class.
  warnings.warn(

2025-11-03 18:44:37,288:WARNING:/home/agentr2404/.local/lib/python3.10/site-packages/sklearn/metrics/_classification.py:1561: UserWarning: Note that pos_label (set to 'Iris-virginica') is ignored when average != 'binary' (got 'weighted'). You may use labels=[pos_label] to specify a single positive class.
  warnings.warn(

2025-11-03 18:44:37,294:WARNING:/home/agentr2404/.local/lib/python3.10/site-packages/sklearn/metrics/_classification.py:1561: UserWarning: Note that pos_label (set to 'Iris-virginica') is ignored when average != 'binary' (got 'weighted'). You may use labels=[pos_label] to specify a single positive class.
  warnings.warn(

2025-11-03 18:44:37,338:WARNING:/home/agentr2404/.local/lib/python3.10/site-packages/sklearn/metrics/_classification.py:1561: UserWarning: Note that pos_label (set to 'Iris-virginica') is ignored when average != 'binary' (got 'weighted'). You may use labels=[pos_label] to specify a single positive class.
  warnings.warn(

2025-11-03 18:44:37,344:WARNING:/home/agentr2404/.local/lib/python3.10/site-packages/sklearn/metrics/_classification.py:1561: UserWarning: Note that pos_label (set to 'Iris-virginica') is ignored when average != 'binary' (got 'weighted'). You may use labels=[pos_label] to specify a single positive class.
  warnings.warn(

2025-11-03 18:44:37,347:WARNING:/home/agentr2404/.local/lib/python3.10/site-packages/sklearn/metrics/_classification.py:1561: UserWarning: Note that pos_label (set to 'Iris-virginica') is ignored when average != 'binary' (got 'weighted'). You may use labels=[pos_label] to specify a single positive class.
  warnings.warn(

2025-11-03 18:44:37,350:WARNING:/home/agentr2404/.local/lib/python3.10/site-packages/sklearn/metrics/_classification.py:1561: UserWarning: Note that pos_label (set to 'Iris-virginica') is ignored when average != 'binary' (got 'weighted'). You may use labels=[pos_label] to specify a single positive class.
  warnings.warn(

2025-11-03 18:44:37,354:WARNING:/home/agentr2404/.local/lib/python3.10/site-packages/sklearn/metrics/_classification.py:1561: UserWarning: Note that pos_label (set to 'Iris-virginica') is ignored when average != 'binary' (got 'weighted'). You may use labels=[pos_label] to specify a single positive class.
  warnings.warn(

2025-11-03 18:44:37,360:WARNING:/home/agentr2404/.local/lib/python3.10/site-packages/sklearn/metrics/_classification.py:1561: UserWarning: Note that pos_label (set to 'Iris-virginica') is ignored when average != 'binary' (got 'weighted'). You may use labels=[pos_label] to specify a single positive class.
  warnings.warn(

2025-11-03 18:44:37,409:WARNING:/home/agentr2404/.local/lib/python3.10/site-packages/sklearn/metrics/_classification.py:1561: UserWarning: Note that pos_label (set to 'Iris-virginica') is ignored when average != 'binary' (got 'weighted'). You may use labels=[pos_label] to specify a single positive class.
  warnings.warn(

2025-11-03 18:44:37,416:WARNING:/home/agentr2404/.local/lib/python3.10/site-packages/sklearn/metrics/_classification.py:1561: UserWarning: Note that pos_label (set to 'Iris-virginica') is ignored when average != 'binary' (got 'weighted'). You may use labels=[pos_label] to specify a single positive class.
  warnings.warn(

2025-11-03 18:44:37,419:WARNING:/home/agentr2404/.local/lib/python3.10/site-packages/sklearn/metrics/_classification.py:1561: UserWarning: Note that pos_label (set to 'Iris-virginica') is ignored when average != 'binary' (got 'weighted'). You may use labels=[pos_label] to specify a single positive class.
  warnings.warn(

2025-11-03 18:44:37,422:WARNING:/home/agentr2404/.local/lib/python3.10/site-packages/sklearn/metrics/_classification.py:1561: UserWarning: Note that pos_label (set to 'Iris-virginica') is ignored when average != 'binary' (got 'weighted'). You may use labels=[pos_label] to specify a single positive class.
  warnings.warn(

2025-11-03 18:44:37,425:WARNING:/home/agentr2404/.local/lib/python3.10/site-packages/sklearn/metrics/_classification.py:1561: UserWarning: Note that pos_label (set to 'Iris-virginica') is ignored when average != 'binary' (got 'weighted'). You may use labels=[pos_label] to specify a single positive class.
  warnings.warn(

2025-11-03 18:44:37,431:WARNING:/home/agentr2404/.local/lib/python3.10/site-packages/sklearn/metrics/_classification.py:1561: UserWarning: Note that pos_label (set to 'Iris-virginica') is ignored when average != 'binary' (got 'weighted'). You may use labels=[pos_label] to specify a single positive class.
  warnings.warn(

2025-11-03 18:44:37,438:INFO:Calculating mean and std
2025-11-03 18:44:37,439:INFO:Creating metrics dataframe
2025-11-03 18:44:37,441:INFO:Uploading results into container
2025-11-03 18:44:37,442:INFO:Uploading model into container now
2025-11-03 18:44:37,442:INFO:_master_model_container: 3
2025-11-03 18:44:37,442:INFO:_display_container: 2
2025-11-03 18:44:37,443:INFO:GaussianNB(priors=None, var_smoothing=1e-09)
2025-11-03 18:44:37,443:INFO:create_model() successfully completed......................................
2025-11-03 18:44:37,555:INFO:SubProcess create_model() end ==================================
2025-11-03 18:44:37,556:INFO:Creating metrics dataframe
2025-11-03 18:44:37,559:INFO:Initializing Decision Tree Classifier
2025-11-03 18:44:37,559:INFO:Total runtime is 0.0912573258082072 minutes
2025-11-03 18:44:37,559:INFO:SubProcess create_model() called ==================================
2025-11-03 18:44:37,560:INFO:Initializing create_model()
2025-11-03 18:44:37,560:INFO:create_model(self=<pycaret.classification.oop.ClassificationExperiment object at 0x780dcc9fcf40>, estimator=dt, fold=StratifiedKFold(n_splits=10, random_state=None, shuffle=False), round=4, cross_validation=True, predict=True, fit_kwargs={}, groups=None, refit=False, probability_threshold=None, experiment_custom_tags=None, verbose=False, system=False, add_to_model_list=True, metrics=None, display=<pycaret.internal.display.display.CommonDisplay object at 0x780dcc7a8520>, model_only=True, return_train_score=False, error_score=0.0, kwargs={})
2025-11-03 18:44:37,560:INFO:Checking exceptions
2025-11-03 18:44:37,560:INFO:Importing libraries
2025-11-03 18:44:37,560:INFO:Copying training dataset
2025-11-03 18:44:37,563:INFO:Defining folds
2025-11-03 18:44:37,563:INFO:Declaring metric variables
2025-11-03 18:44:37,564:INFO:Importing untrained model
2025-11-03 18:44:37,564:INFO:Decision Tree Classifier Imported successfully
2025-11-03 18:44:37,564:INFO:Starting cross validation
2025-11-03 18:44:37,565:INFO:Cross validating with StratifiedKFold(n_splits=10, random_state=None, shuffle=False), n_jobs=-1
2025-11-03 18:44:37,622:WARNING:/home/agentr2404/.local/lib/python3.10/site-packages/sklearn/metrics/_classification.py:1561: UserWarning: Note that pos_label (set to 'Iris-virginica') is ignored when average != 'binary' (got 'weighted'). You may use labels=[pos_label] to specify a single positive class.
  warnings.warn(

2025-11-03 18:44:37,630:WARNING:/home/agentr2404/.local/lib/python3.10/site-packages/sklearn/metrics/_classification.py:1561: UserWarning: Note that pos_label (set to 'Iris-virginica') is ignored when average != 'binary' (got 'weighted'). You may use labels=[pos_label] to specify a single positive class.
  warnings.warn(

2025-11-03 18:44:37,630:WARNING:/home/agentr2404/.local/lib/python3.10/site-packages/sklearn/metrics/_classification.py:1561: UserWarning: Note that pos_label (set to 'Iris-virginica') is ignored when average != 'binary' (got 'weighted'). You may use labels=[pos_label] to specify a single positive class.
  warnings.warn(

2025-11-03 18:44:37,636:WARNING:/home/agentr2404/.local/lib/python3.10/site-packages/sklearn/metrics/_classification.py:1561: UserWarning: Note that pos_label (set to 'Iris-virginica') is ignored when average != 'binary' (got 'weighted'). You may use labels=[pos_label] to specify a single positive class.
  warnings.warn(

2025-11-03 18:44:37,637:WARNING:/home/agentr2404/.local/lib/python3.10/site-packages/sklearn/metrics/_classification.py:1561: UserWarning: Note that pos_label (set to 'Iris-virginica') is ignored when average != 'binary' (got 'weighted'). You may use labels=[pos_label] to specify a single positive class.
  warnings.warn(

2025-11-03 18:44:37,644:WARNING:/home/agentr2404/.local/lib/python3.10/site-packages/sklearn/metrics/_classification.py:1561: UserWarning: Note that pos_label (set to 'Iris-virginica') is ignored when average != 'binary' (got 'weighted'). You may use labels=[pos_label] to specify a single positive class.
  warnings.warn(

2025-11-03 18:44:37,702:WARNING:/home/agentr2404/.local/lib/python3.10/site-packages/sklearn/metrics/_classification.py:1561: UserWarning: Note that pos_label (set to 'Iris-virginica') is ignored when average != 'binary' (got 'weighted'). You may use labels=[pos_label] to specify a single positive class.
  warnings.warn(

2025-11-03 18:44:37,709:WARNING:/home/agentr2404/.local/lib/python3.10/site-packages/sklearn/metrics/_classification.py:1561: UserWarning: Note that pos_label (set to 'Iris-virginica') is ignored when average != 'binary' (got 'weighted'). You may use labels=[pos_label] to specify a single positive class.
  warnings.warn(

2025-11-03 18:44:37,710:WARNING:/home/agentr2404/.local/lib/python3.10/site-packages/sklearn/metrics/_classification.py:1561: UserWarning: Note that pos_label (set to 'Iris-virginica') is ignored when average != 'binary' (got 'weighted'). You may use labels=[pos_label] to specify a single positive class.
  warnings.warn(

2025-11-03 18:44:37,715:WARNING:/home/agentr2404/.local/lib/python3.10/site-packages/sklearn/metrics/_classification.py:1561: UserWarning: Note that pos_label (set to 'Iris-virginica') is ignored when average != 'binary' (got 'weighted'). You may use labels=[pos_label] to specify a single positive class.
  warnings.warn(

2025-11-03 18:44:37,716:WARNING:/home/agentr2404/.local/lib/python3.10/site-packages/sklearn/metrics/_classification.py:1561: UserWarning: Note that pos_label (set to 'Iris-virginica') is ignored when average != 'binary' (got 'weighted'). You may use labels=[pos_label] to specify a single positive class.
  warnings.warn(

2025-11-03 18:44:37,721:WARNING:/home/agentr2404/.local/lib/python3.10/site-packages/sklearn/metrics/_classification.py:1561: UserWarning: Note that pos_label (set to 'Iris-virginica') is ignored when average != 'binary' (got 'weighted'). You may use labels=[pos_label] to specify a single positive class.
  warnings.warn(

2025-11-03 18:44:37,777:WARNING:/home/agentr2404/.local/lib/python3.10/site-packages/sklearn/metrics/_classification.py:1561: UserWarning: Note that pos_label (set to 'Iris-virginica') is ignored when average != 'binary' (got 'weighted'). You may use labels=[pos_label] to specify a single positive class.
  warnings.warn(

2025-11-03 18:44:37,782:WARNING:/home/agentr2404/.local/lib/python3.10/site-packages/sklearn/metrics/_classification.py:1561: UserWarning: Note that pos_label (set to 'Iris-virginica') is ignored when average != 'binary' (got 'weighted'). You may use labels=[pos_label] to specify a single positive class.
  warnings.warn(

2025-11-03 18:44:37,783:WARNING:/home/agentr2404/.local/lib/python3.10/site-packages/sklearn/metrics/_classification.py:1561: UserWarning: Note that pos_label (set to 'Iris-virginica') is ignored when average != 'binary' (got 'weighted'). You may use labels=[pos_label] to specify a single positive class.
  warnings.warn(

2025-11-03 18:44:37,789:WARNING:/home/agentr2404/.local/lib/python3.10/site-packages/sklearn/metrics/_classification.py:1561: UserWarning: Note that pos_label (set to 'Iris-virginica') is ignored when average != 'binary' (got 'weighted'). You may use labels=[pos_label] to specify a single positive class.
  warnings.warn(

2025-11-03 18:44:37,789:WARNING:/home/agentr2404/.local/lib/python3.10/site-packages/sklearn/metrics/_classification.py:1561: UserWarning: Note that pos_label (set to 'Iris-virginica') is ignored when average != 'binary' (got 'weighted'). You may use labels=[pos_label] to specify a single positive class.
  warnings.warn(

2025-11-03 18:44:37,795:WARNING:/home/agentr2404/.local/lib/python3.10/site-packages/sklearn/metrics/_classification.py:1561: UserWarning: Note that pos_label (set to 'Iris-virginica') is ignored when average != 'binary' (got 'weighted'). You may use labels=[pos_label] to specify a single positive class.
  warnings.warn(

2025-11-03 18:44:37,838:WARNING:/home/agentr2404/.local/lib/python3.10/site-packages/sklearn/metrics/_classification.py:1561: UserWarning: Note that pos_label (set to 'Iris-virginica') is ignored when average != 'binary' (got 'weighted'). You may use labels=[pos_label] to specify a single positive class.
  warnings.warn(

2025-11-03 18:44:37,844:WARNING:/home/agentr2404/.local/lib/python3.10/site-packages/sklearn/metrics/_classification.py:1561: UserWarning: Note that pos_label (set to 'Iris-virginica') is ignored when average != 'binary' (got 'weighted'). You may use labels=[pos_label] to specify a single positive class.
  warnings.warn(

2025-11-03 18:44:37,846:WARNING:/home/agentr2404/.local/lib/python3.10/site-packages/sklearn/metrics/_classification.py:1561: UserWarning: Note that pos_label (set to 'Iris-virginica') is ignored when average != 'binary' (got 'weighted'). You may use labels=[pos_label] to specify a single positive class.
  warnings.warn(

2025-11-03 18:44:37,850:WARNING:/home/agentr2404/.local/lib/python3.10/site-packages/sklearn/metrics/_classification.py:1561: UserWarning: Note that pos_label (set to 'Iris-virginica') is ignored when average != 'binary' (got 'weighted'). You may use labels=[pos_label] to specify a single positive class.
  warnings.warn(

2025-11-03 18:44:37,853:WARNING:/home/agentr2404/.local/lib/python3.10/site-packages/sklearn/metrics/_classification.py:1561: UserWarning: Note that pos_label (set to 'Iris-virginica') is ignored when average != 'binary' (got 'weighted'). You may use labels=[pos_label] to specify a single positive class.
  warnings.warn(

2025-11-03 18:44:37,859:WARNING:/home/agentr2404/.local/lib/python3.10/site-packages/sklearn/metrics/_classification.py:1561: UserWarning: Note that pos_label (set to 'Iris-virginica') is ignored when average != 'binary' (got 'weighted'). You may use labels=[pos_label] to specify a single positive class.
  warnings.warn(

2025-11-03 18:44:37,904:WARNING:/home/agentr2404/.local/lib/python3.10/site-packages/sklearn/metrics/_classification.py:1561: UserWarning: Note that pos_label (set to 'Iris-virginica') is ignored when average != 'binary' (got 'weighted'). You may use labels=[pos_label] to specify a single positive class.
  warnings.warn(

2025-11-03 18:44:37,910:WARNING:/home/agentr2404/.local/lib/python3.10/site-packages/sklearn/metrics/_classification.py:1561: UserWarning: Note that pos_label (set to 'Iris-virginica') is ignored when average != 'binary' (got 'weighted'). You may use labels=[pos_label] to specify a single positive class.
  warnings.warn(

2025-11-03 18:44:37,914:WARNING:/home/agentr2404/.local/lib/python3.10/site-packages/sklearn/metrics/_classification.py:1561: UserWarning: Note that pos_label (set to 'Iris-virginica') is ignored when average != 'binary' (got 'weighted'). You may use labels=[pos_label] to specify a single positive class.
  warnings.warn(

2025-11-03 18:44:37,916:WARNING:/home/agentr2404/.local/lib/python3.10/site-packages/sklearn/metrics/_classification.py:1561: UserWarning: Note that pos_label (set to 'Iris-virginica') is ignored when average != 'binary' (got 'weighted'). You may use labels=[pos_label] to specify a single positive class.
  warnings.warn(

2025-11-03 18:44:37,920:WARNING:/home/agentr2404/.local/lib/python3.10/site-packages/sklearn/metrics/_classification.py:1561: UserWarning: Note that pos_label (set to 'Iris-virginica') is ignored when average != 'binary' (got 'weighted'). You may use labels=[pos_label] to specify a single positive class.
  warnings.warn(

2025-11-03 18:44:37,926:WARNING:/home/agentr2404/.local/lib/python3.10/site-packages/sklearn/metrics/_classification.py:1561: UserWarning: Note that pos_label (set to 'Iris-virginica') is ignored when average != 'binary' (got 'weighted'). You may use labels=[pos_label] to specify a single positive class.
  warnings.warn(

2025-11-03 18:44:37,936:INFO:Calculating mean and std
2025-11-03 18:44:37,937:INFO:Creating metrics dataframe
2025-11-03 18:44:37,939:INFO:Uploading results into container
2025-11-03 18:44:37,940:INFO:Uploading model into container now
2025-11-03 18:44:37,941:INFO:_master_model_container: 4
2025-11-03 18:44:37,941:INFO:_display_container: 2
2025-11-03 18:44:37,941:INFO:DecisionTreeClassifier(ccp_alpha=0.0, class_weight=None, criterion='gini',
                       max_depth=None, max_features=None, max_leaf_nodes=None,
                       min_impurity_decrease=0.0, min_samples_leaf=1,
                       min_samples_split=2, min_weight_fraction_leaf=0.0,
                       monotonic_cst=None, random_state=42, splitter='best')
2025-11-03 18:44:37,941:INFO:create_model() successfully completed......................................
2025-11-03 18:44:38,030:INFO:SubProcess create_model() end ==================================
2025-11-03 18:44:38,030:INFO:Creating metrics dataframe
2025-11-03 18:44:38,033:INFO:Initializing SVM - Linear Kernel
2025-11-03 18:44:38,033:INFO:Total runtime is 0.09915192524592081 minutes
2025-11-03 18:44:38,033:INFO:SubProcess create_model() called ==================================
2025-11-03 18:44:38,033:INFO:Initializing create_model()
2025-11-03 18:44:38,033:INFO:create_model(self=<pycaret.classification.oop.ClassificationExperiment object at 0x780dcc9fcf40>, estimator=svm, fold=StratifiedKFold(n_splits=10, random_state=None, shuffle=False), round=4, cross_validation=True, predict=True, fit_kwargs={}, groups=None, refit=False, probability_threshold=None, experiment_custom_tags=None, verbose=False, system=False, add_to_model_list=True, metrics=None, display=<pycaret.internal.display.display.CommonDisplay object at 0x780dcc7a8520>, model_only=True, return_train_score=False, error_score=0.0, kwargs={})
2025-11-03 18:44:38,033:INFO:Checking exceptions
2025-11-03 18:44:38,033:INFO:Importing libraries
2025-11-03 18:44:38,033:INFO:Copying training dataset
2025-11-03 18:44:38,036:INFO:Defining folds
2025-11-03 18:44:38,036:INFO:Declaring metric variables
2025-11-03 18:44:38,036:INFO:Importing untrained model
2025-11-03 18:44:38,037:INFO:SVM - Linear Kernel Imported successfully
2025-11-03 18:44:38,037:INFO:Starting cross validation
2025-11-03 18:44:38,038:INFO:Cross validating with StratifiedKFold(n_splits=10, random_state=None, shuffle=False), n_jobs=-1
2025-11-03 18:44:38,091:WARNING:/home/agentr2404/.local/lib/python3.10/site-packages/pycaret/internal/metrics.py:204: FitFailedWarning: Metric 'make_scorer(roc_auc_score, response_method=('decision_function', 'predict_proba'), average=weighted, multi_class=ovr)' failed and error score 0.0 has been returned instead. If this is a custom metric, this usually means that the error is in the metric code. Full exception below:
Traceback (most recent call last):
  File "/home/agentr2404/.local/lib/python3.10/site-packages/pycaret/internal/metrics.py", line 196, in _score
    return super()._score(
  File "/home/agentr2404/.local/lib/python3.10/site-packages/sklearn/metrics/_scorer.py", line 350, in _score
    return self._sign * self._score_func(y_true, y_pred, **scoring_kwargs)
  File "/home/agentr2404/.local/lib/python3.10/site-packages/pycaret/internal/metrics.py", line 144, in __call__
    return self.score_func(y_true, y_pred, **kwargs)
  File "/home/agentr2404/.local/lib/python3.10/site-packages/sklearn/utils/_param_validation.py", line 213, in wrapper
    return func(*args, **kwargs)
  File "/home/agentr2404/.local/lib/python3.10/site-packages/sklearn/metrics/_ranking.py", line 634, in roc_auc_score
    return _multiclass_roc_auc_score(
  File "/home/agentr2404/.local/lib/python3.10/site-packages/sklearn/metrics/_ranking.py", line 707, in _multiclass_roc_auc_score
    raise ValueError(
ValueError: Target scores need to be probabilities for multiclass roc_auc, i.e. they should sum up to 1.0 over classes

  warnings.warn(

2025-11-03 18:44:38,094:WARNING:/home/agentr2404/.local/lib/python3.10/site-packages/sklearn/metrics/_classification.py:1561: UserWarning: Note that pos_label (set to 'Iris-virginica') is ignored when average != 'binary' (got 'weighted'). You may use labels=[pos_label] to specify a single positive class.
  warnings.warn(

2025-11-03 18:44:38,099:WARNING:/home/agentr2404/.local/lib/python3.10/site-packages/sklearn/metrics/_classification.py:1561: UserWarning: Note that pos_label (set to 'Iris-virginica') is ignored when average != 'binary' (got 'weighted'). You may use labels=[pos_label] to specify a single positive class.
  warnings.warn(

2025-11-03 18:44:38,100:WARNING:/home/agentr2404/.local/lib/python3.10/site-packages/pycaret/internal/metrics.py:204: FitFailedWarning: Metric 'make_scorer(roc_auc_score, response_method=('decision_function', 'predict_proba'), average=weighted, multi_class=ovr)' failed and error score 0.0 has been returned instead. If this is a custom metric, this usually means that the error is in the metric code. Full exception below:
Traceback (most recent call last):
  File "/home/agentr2404/.local/lib/python3.10/site-packages/pycaret/internal/metrics.py", line 196, in _score
    return super()._score(
  File "/home/agentr2404/.local/lib/python3.10/site-packages/sklearn/metrics/_scorer.py", line 350, in _score
    return self._sign * self._score_func(y_true, y_pred, **scoring_kwargs)
  File "/home/agentr2404/.local/lib/python3.10/site-packages/pycaret/internal/metrics.py", line 144, in __call__
    return self.score_func(y_true, y_pred, **kwargs)
  File "/home/agentr2404/.local/lib/python3.10/site-packages/sklearn/utils/_param_validation.py", line 213, in wrapper
    return func(*args, **kwargs)
  File "/home/agentr2404/.local/lib/python3.10/site-packages/sklearn/metrics/_ranking.py", line 634, in roc_auc_score
    return _multiclass_roc_auc_score(
  File "/home/agentr2404/.local/lib/python3.10/site-packages/sklearn/metrics/_ranking.py", line 707, in _multiclass_roc_auc_score
    raise ValueError(
ValueError: Target scores need to be probabilities for multiclass roc_auc, i.e. they should sum up to 1.0 over classes

  warnings.warn(

2025-11-03 18:44:38,103:WARNING:/home/agentr2404/.local/lib/python3.10/site-packages/sklearn/metrics/_classification.py:1561: UserWarning: Note that pos_label (set to 'Iris-virginica') is ignored when average != 'binary' (got 'weighted'). You may use labels=[pos_label] to specify a single positive class.
  warnings.warn(

2025-11-03 18:44:38,105:WARNING:/home/agentr2404/.local/lib/python3.10/site-packages/sklearn/metrics/_classification.py:1561: UserWarning: Note that pos_label (set to 'Iris-virginica') is ignored when average != 'binary' (got 'weighted'). You may use labels=[pos_label] to specify a single positive class.
  warnings.warn(

2025-11-03 18:44:38,109:WARNING:/home/agentr2404/.local/lib/python3.10/site-packages/sklearn/metrics/_classification.py:1561: UserWarning: Note that pos_label (set to 'Iris-virginica') is ignored when average != 'binary' (got 'weighted'). You may use labels=[pos_label] to specify a single positive class.
  warnings.warn(

2025-11-03 18:44:38,115:WARNING:/home/agentr2404/.local/lib/python3.10/site-packages/sklearn/metrics/_classification.py:1561: UserWarning: Note that pos_label (set to 'Iris-virginica') is ignored when average != 'binary' (got 'weighted'). You may use labels=[pos_label] to specify a single positive class.
  warnings.warn(

2025-11-03 18:44:38,167:WARNING:/home/agentr2404/.local/lib/python3.10/site-packages/pycaret/internal/metrics.py:204: FitFailedWarning: Metric 'make_scorer(roc_auc_score, response_method=('decision_function', 'predict_proba'), average=weighted, multi_class=ovr)' failed and error score 0.0 has been returned instead. If this is a custom metric, this usually means that the error is in the metric code. Full exception below:
Traceback (most recent call last):
  File "/home/agentr2404/.local/lib/python3.10/site-packages/pycaret/internal/metrics.py", line 196, in _score
    return super()._score(
  File "/home/agentr2404/.local/lib/python3.10/site-packages/sklearn/metrics/_scorer.py", line 350, in _score
    return self._sign * self._score_func(y_true, y_pred, **scoring_kwargs)
  File "/home/agentr2404/.local/lib/python3.10/site-packages/pycaret/internal/metrics.py", line 144, in __call__
    return self.score_func(y_true, y_pred, **kwargs)
  File "/home/agentr2404/.local/lib/python3.10/site-packages/sklearn/utils/_param_validation.py", line 213, in wrapper
    return func(*args, **kwargs)
  File "/home/agentr2404/.local/lib/python3.10/site-packages/sklearn/metrics/_ranking.py", line 634, in roc_auc_score
    return _multiclass_roc_auc_score(
  File "/home/agentr2404/.local/lib/python3.10/site-packages/sklearn/metrics/_ranking.py", line 707, in _multiclass_roc_auc_score
    raise ValueError(
ValueError: Target scores need to be probabilities for multiclass roc_auc, i.e. they should sum up to 1.0 over classes

  warnings.warn(

2025-11-03 18:44:38,169:WARNING:/home/agentr2404/.local/lib/python3.10/site-packages/sklearn/metrics/_classification.py:1561: UserWarning: Note that pos_label (set to 'Iris-virginica') is ignored when average != 'binary' (got 'weighted'). You may use labels=[pos_label] to specify a single positive class.
  warnings.warn(

2025-11-03 18:44:38,175:WARNING:/home/agentr2404/.local/lib/python3.10/site-packages/sklearn/metrics/_classification.py:1561: UserWarning: Note that pos_label (set to 'Iris-virginica') is ignored when average != 'binary' (got 'weighted'). You may use labels=[pos_label] to specify a single positive class.
  warnings.warn(

2025-11-03 18:44:38,177:WARNING:/home/agentr2404/.local/lib/python3.10/site-packages/pycaret/internal/metrics.py:204: FitFailedWarning: Metric 'make_scorer(roc_auc_score, response_method=('decision_function', 'predict_proba'), average=weighted, multi_class=ovr)' failed and error score 0.0 has been returned instead. If this is a custom metric, this usually means that the error is in the metric code. Full exception below:
Traceback (most recent call last):
  File "/home/agentr2404/.local/lib/python3.10/site-packages/pycaret/internal/metrics.py", line 196, in _score
    return super()._score(
  File "/home/agentr2404/.local/lib/python3.10/site-packages/sklearn/metrics/_scorer.py", line 350, in _score
    return self._sign * self._score_func(y_true, y_pred, **scoring_kwargs)
  File "/home/agentr2404/.local/lib/python3.10/site-packages/pycaret/internal/metrics.py", line 144, in __call__
    return self.score_func(y_true, y_pred, **kwargs)
  File "/home/agentr2404/.local/lib/python3.10/site-packages/sklearn/utils/_param_validation.py", line 213, in wrapper
    return func(*args, **kwargs)
  File "/home/agentr2404/.local/lib/python3.10/site-packages/sklearn/metrics/_ranking.py", line 634, in roc_auc_score
    return _multiclass_roc_auc_score(
  File "/home/agentr2404/.local/lib/python3.10/site-packages/sklearn/metrics/_ranking.py", line 707, in _multiclass_roc_auc_score
    raise ValueError(
ValueError: Target scores need to be probabilities for multiclass roc_auc, i.e. they should sum up to 1.0 over classes

  warnings.warn(

2025-11-03 18:44:38,180:WARNING:/home/agentr2404/.local/lib/python3.10/site-packages/sklearn/metrics/_classification.py:1561: UserWarning: Note that pos_label (set to 'Iris-virginica') is ignored when average != 'binary' (got 'weighted'). You may use labels=[pos_label] to specify a single positive class.
  warnings.warn(

2025-11-03 18:44:38,180:WARNING:/home/agentr2404/.local/lib/python3.10/site-packages/sklearn/metrics/_classification.py:1561: UserWarning: Note that pos_label (set to 'Iris-virginica') is ignored when average != 'binary' (got 'weighted'). You may use labels=[pos_label] to specify a single positive class.
  warnings.warn(

2025-11-03 18:44:38,186:WARNING:/home/agentr2404/.local/lib/python3.10/site-packages/sklearn/metrics/_classification.py:1561: UserWarning: Note that pos_label (set to 'Iris-virginica') is ignored when average != 'binary' (got 'weighted'). You may use labels=[pos_label] to specify a single positive class.
  warnings.warn(

2025-11-03 18:44:38,192:WARNING:/home/agentr2404/.local/lib/python3.10/site-packages/sklearn/metrics/_classification.py:1561: UserWarning: Note that pos_label (set to 'Iris-virginica') is ignored when average != 'binary' (got 'weighted'). You may use labels=[pos_label] to specify a single positive class.
  warnings.warn(

2025-11-03 18:44:38,238:WARNING:/home/agentr2404/.local/lib/python3.10/site-packages/pycaret/internal/metrics.py:204: FitFailedWarning: Metric 'make_scorer(roc_auc_score, response_method=('decision_function', 'predict_proba'), average=weighted, multi_class=ovr)' failed and error score 0.0 has been returned instead. If this is a custom metric, this usually means that the error is in the metric code. Full exception below:
Traceback (most recent call last):
  File "/home/agentr2404/.local/lib/python3.10/site-packages/pycaret/internal/metrics.py", line 196, in _score
    return super()._score(
  File "/home/agentr2404/.local/lib/python3.10/site-packages/sklearn/metrics/_scorer.py", line 350, in _score
    return self._sign * self._score_func(y_true, y_pred, **scoring_kwargs)
  File "/home/agentr2404/.local/lib/python3.10/site-packages/pycaret/internal/metrics.py", line 144, in __call__
    return self.score_func(y_true, y_pred, **kwargs)
  File "/home/agentr2404/.local/lib/python3.10/site-packages/sklearn/utils/_param_validation.py", line 213, in wrapper
    return func(*args, **kwargs)
  File "/home/agentr2404/.local/lib/python3.10/site-packages/sklearn/metrics/_ranking.py", line 634, in roc_auc_score
    return _multiclass_roc_auc_score(
  File "/home/agentr2404/.local/lib/python3.10/site-packages/sklearn/metrics/_ranking.py", line 707, in _multiclass_roc_auc_score
    raise ValueError(
ValueError: Target scores need to be probabilities for multiclass roc_auc, i.e. they should sum up to 1.0 over classes

  warnings.warn(

2025-11-03 18:44:38,241:WARNING:/home/agentr2404/.local/lib/python3.10/site-packages/sklearn/metrics/_classification.py:1561: UserWarning: Note that pos_label (set to 'Iris-virginica') is ignored when average != 'binary' (got 'weighted'). You may use labels=[pos_label] to specify a single positive class.
  warnings.warn(

2025-11-03 18:44:38,246:WARNING:/home/agentr2404/.local/lib/python3.10/site-packages/sklearn/metrics/_classification.py:1561: UserWarning: Note that pos_label (set to 'Iris-virginica') is ignored when average != 'binary' (got 'weighted'). You may use labels=[pos_label] to specify a single positive class.
  warnings.warn(

2025-11-03 18:44:38,252:WARNING:/home/agentr2404/.local/lib/python3.10/site-packages/sklearn/metrics/_classification.py:1561: UserWarning: Note that pos_label (set to 'Iris-virginica') is ignored when average != 'binary' (got 'weighted'). You may use labels=[pos_label] to specify a single positive class.
  warnings.warn(

2025-11-03 18:44:38,253:WARNING:/home/agentr2404/.local/lib/python3.10/site-packages/pycaret/internal/metrics.py:204: FitFailedWarning: Metric 'make_scorer(roc_auc_score, response_method=('decision_function', 'predict_proba'), average=weighted, multi_class=ovr)' failed and error score 0.0 has been returned instead. If this is a custom metric, this usually means that the error is in the metric code. Full exception below:
Traceback (most recent call last):
  File "/home/agentr2404/.local/lib/python3.10/site-packages/pycaret/internal/metrics.py", line 196, in _score
    return super()._score(
  File "/home/agentr2404/.local/lib/python3.10/site-packages/sklearn/metrics/_scorer.py", line 350, in _score
    return self._sign * self._score_func(y_true, y_pred, **scoring_kwargs)
  File "/home/agentr2404/.local/lib/python3.10/site-packages/pycaret/internal/metrics.py", line 144, in __call__
    return self.score_func(y_true, y_pred, **kwargs)
  File "/home/agentr2404/.local/lib/python3.10/site-packages/sklearn/utils/_param_validation.py", line 213, in wrapper
    return func(*args, **kwargs)
  File "/home/agentr2404/.local/lib/python3.10/site-packages/sklearn/metrics/_ranking.py", line 634, in roc_auc_score
    return _multiclass_roc_auc_score(
  File "/home/agentr2404/.local/lib/python3.10/site-packages/sklearn/metrics/_ranking.py", line 707, in _multiclass_roc_auc_score
    raise ValueError(
ValueError: Target scores need to be probabilities for multiclass roc_auc, i.e. they should sum up to 1.0 over classes

  warnings.warn(

2025-11-03 18:44:38,256:WARNING:/home/agentr2404/.local/lib/python3.10/site-packages/sklearn/metrics/_classification.py:1561: UserWarning: Note that pos_label (set to 'Iris-virginica') is ignored when average != 'binary' (got 'weighted'). You may use labels=[pos_label] to specify a single positive class.
  warnings.warn(

2025-11-03 18:44:38,262:WARNING:/home/agentr2404/.local/lib/python3.10/site-packages/sklearn/metrics/_classification.py:1561: UserWarning: Note that pos_label (set to 'Iris-virginica') is ignored when average != 'binary' (got 'weighted'). You may use labels=[pos_label] to specify a single positive class.
  warnings.warn(

2025-11-03 18:44:38,267:WARNING:/home/agentr2404/.local/lib/python3.10/site-packages/sklearn/metrics/_classification.py:1561: UserWarning: Note that pos_label (set to 'Iris-virginica') is ignored when average != 'binary' (got 'weighted'). You may use labels=[pos_label] to specify a single positive class.
  warnings.warn(

2025-11-03 18:44:38,300:WARNING:/home/agentr2404/.local/lib/python3.10/site-packages/pycaret/internal/metrics.py:204: FitFailedWarning: Metric 'make_scorer(roc_auc_score, response_method=('decision_function', 'predict_proba'), average=weighted, multi_class=ovr)' failed and error score 0.0 has been returned instead. If this is a custom metric, this usually means that the error is in the metric code. Full exception below:
Traceback (most recent call last):
  File "/home/agentr2404/.local/lib/python3.10/site-packages/pycaret/internal/metrics.py", line 196, in _score
    return super()._score(
  File "/home/agentr2404/.local/lib/python3.10/site-packages/sklearn/metrics/_scorer.py", line 350, in _score
    return self._sign * self._score_func(y_true, y_pred, **scoring_kwargs)
  File "/home/agentr2404/.local/lib/python3.10/site-packages/pycaret/internal/metrics.py", line 144, in __call__
    return self.score_func(y_true, y_pred, **kwargs)
  File "/home/agentr2404/.local/lib/python3.10/site-packages/sklearn/utils/_param_validation.py", line 213, in wrapper
    return func(*args, **kwargs)
  File "/home/agentr2404/.local/lib/python3.10/site-packages/sklearn/metrics/_ranking.py", line 634, in roc_auc_score
    return _multiclass_roc_auc_score(
  File "/home/agentr2404/.local/lib/python3.10/site-packages/sklearn/metrics/_ranking.py", line 707, in _multiclass_roc_auc_score
    raise ValueError(
ValueError: Target scores need to be probabilities for multiclass roc_auc, i.e. they should sum up to 1.0 over classes

  warnings.warn(

2025-11-03 18:44:38,304:WARNING:/home/agentr2404/.local/lib/python3.10/site-packages/sklearn/metrics/_classification.py:1561: UserWarning: Note that pos_label (set to 'Iris-virginica') is ignored when average != 'binary' (got 'weighted'). You may use labels=[pos_label] to specify a single positive class.
  warnings.warn(

2025-11-03 18:44:38,309:WARNING:/home/agentr2404/.local/lib/python3.10/site-packages/sklearn/metrics/_classification.py:1561: UserWarning: Note that pos_label (set to 'Iris-virginica') is ignored when average != 'binary' (got 'weighted'). You may use labels=[pos_label] to specify a single positive class.
  warnings.warn(

2025-11-03 18:44:38,312:WARNING:/home/agentr2404/.local/lib/python3.10/site-packages/sklearn/metrics/_classification.py:1509: UndefinedMetricWarning: Precision is ill-defined and being set to 0.0 in labels with no predicted samples. Use `zero_division` parameter to control this behavior.
  _warn_prf(average, modifier, f"{metric.capitalize()} is", len(result))

2025-11-03 18:44:38,315:WARNING:/home/agentr2404/.local/lib/python3.10/site-packages/sklearn/metrics/_classification.py:1561: UserWarning: Note that pos_label (set to 'Iris-virginica') is ignored when average != 'binary' (got 'weighted'). You may use labels=[pos_label] to specify a single positive class.
  warnings.warn(

2025-11-03 18:44:38,317:WARNING:/home/agentr2404/.local/lib/python3.10/site-packages/pycaret/internal/metrics.py:204: FitFailedWarning: Metric 'make_scorer(roc_auc_score, response_method=('decision_function', 'predict_proba'), average=weighted, multi_class=ovr)' failed and error score 0.0 has been returned instead. If this is a custom metric, this usually means that the error is in the metric code. Full exception below:
Traceback (most recent call last):
  File "/home/agentr2404/.local/lib/python3.10/site-packages/pycaret/internal/metrics.py", line 196, in _score
    return super()._score(
  File "/home/agentr2404/.local/lib/python3.10/site-packages/sklearn/metrics/_scorer.py", line 350, in _score
    return self._sign * self._score_func(y_true, y_pred, **scoring_kwargs)
  File "/home/agentr2404/.local/lib/python3.10/site-packages/pycaret/internal/metrics.py", line 144, in __call__
    return self.score_func(y_true, y_pred, **kwargs)
  File "/home/agentr2404/.local/lib/python3.10/site-packages/sklearn/utils/_param_validation.py", line 213, in wrapper
    return func(*args, **kwargs)
  File "/home/agentr2404/.local/lib/python3.10/site-packages/sklearn/metrics/_ranking.py", line 634, in roc_auc_score
    return _multiclass_roc_auc_score(
  File "/home/agentr2404/.local/lib/python3.10/site-packages/sklearn/metrics/_ranking.py", line 707, in _multiclass_roc_auc_score
    raise ValueError(
ValueError: Target scores need to be probabilities for multiclass roc_auc, i.e. they should sum up to 1.0 over classes

  warnings.warn(

2025-11-03 18:44:38,320:WARNING:/home/agentr2404/.local/lib/python3.10/site-packages/sklearn/metrics/_classification.py:1561: UserWarning: Note that pos_label (set to 'Iris-virginica') is ignored when average != 'binary' (got 'weighted'). You may use labels=[pos_label] to specify a single positive class.
  warnings.warn(

2025-11-03 18:44:38,326:WARNING:/home/agentr2404/.local/lib/python3.10/site-packages/sklearn/metrics/_classification.py:1561: UserWarning: Note that pos_label (set to 'Iris-virginica') is ignored when average != 'binary' (got 'weighted'). You may use labels=[pos_label] to specify a single positive class.
  warnings.warn(

2025-11-03 18:44:38,332:WARNING:/home/agentr2404/.local/lib/python3.10/site-packages/sklearn/metrics/_classification.py:1561: UserWarning: Note that pos_label (set to 'Iris-virginica') is ignored when average != 'binary' (got 'weighted'). You may use labels=[pos_label] to specify a single positive class.
  warnings.warn(

2025-11-03 18:44:38,368:WARNING:/home/agentr2404/.local/lib/python3.10/site-packages/pycaret/internal/metrics.py:204: FitFailedWarning: Metric 'make_scorer(roc_auc_score, response_method=('decision_function', 'predict_proba'), average=weighted, multi_class=ovr)' failed and error score 0.0 has been returned instead. If this is a custom metric, this usually means that the error is in the metric code. Full exception below:
Traceback (most recent call last):
  File "/home/agentr2404/.local/lib/python3.10/site-packages/pycaret/internal/metrics.py", line 196, in _score
    return super()._score(
  File "/home/agentr2404/.local/lib/python3.10/site-packages/sklearn/metrics/_scorer.py", line 350, in _score
    return self._sign * self._score_func(y_true, y_pred, **scoring_kwargs)
  File "/home/agentr2404/.local/lib/python3.10/site-packages/pycaret/internal/metrics.py", line 144, in __call__
    return self.score_func(y_true, y_pred, **kwargs)
  File "/home/agentr2404/.local/lib/python3.10/site-packages/sklearn/utils/_param_validation.py", line 213, in wrapper
    return func(*args, **kwargs)
  File "/home/agentr2404/.local/lib/python3.10/site-packages/sklearn/metrics/_ranking.py", line 634, in roc_auc_score
    return _multiclass_roc_auc_score(
  File "/home/agentr2404/.local/lib/python3.10/site-packages/sklearn/metrics/_ranking.py", line 707, in _multiclass_roc_auc_score
    raise ValueError(
ValueError: Target scores need to be probabilities for multiclass roc_auc, i.e. they should sum up to 1.0 over classes

  warnings.warn(

2025-11-03 18:44:38,371:WARNING:/home/agentr2404/.local/lib/python3.10/site-packages/sklearn/metrics/_classification.py:1561: UserWarning: Note that pos_label (set to 'Iris-virginica') is ignored when average != 'binary' (got 'weighted'). You may use labels=[pos_label] to specify a single positive class.
  warnings.warn(

2025-11-03 18:44:38,377:WARNING:/home/agentr2404/.local/lib/python3.10/site-packages/sklearn/metrics/_classification.py:1561: UserWarning: Note that pos_label (set to 'Iris-virginica') is ignored when average != 'binary' (got 'weighted'). You may use labels=[pos_label] to specify a single positive class.
  warnings.warn(

2025-11-03 18:44:38,382:WARNING:/home/agentr2404/.local/lib/python3.10/site-packages/sklearn/metrics/_classification.py:1561: UserWarning: Note that pos_label (set to 'Iris-virginica') is ignored when average != 'binary' (got 'weighted'). You may use labels=[pos_label] to specify a single positive class.
  warnings.warn(

2025-11-03 18:44:38,386:WARNING:/home/agentr2404/.local/lib/python3.10/site-packages/pycaret/internal/metrics.py:204: FitFailedWarning: Metric 'make_scorer(roc_auc_score, response_method=('decision_function', 'predict_proba'), average=weighted, multi_class=ovr)' failed and error score 0.0 has been returned instead. If this is a custom metric, this usually means that the error is in the metric code. Full exception below:
Traceback (most recent call last):
  File "/home/agentr2404/.local/lib/python3.10/site-packages/pycaret/internal/metrics.py", line 196, in _score
    return super()._score(
  File "/home/agentr2404/.local/lib/python3.10/site-packages/sklearn/metrics/_scorer.py", line 350, in _score
    return self._sign * self._score_func(y_true, y_pred, **scoring_kwargs)
  File "/home/agentr2404/.local/lib/python3.10/site-packages/pycaret/internal/metrics.py", line 144, in __call__
    return self.score_func(y_true, y_pred, **kwargs)
  File "/home/agentr2404/.local/lib/python3.10/site-packages/sklearn/utils/_param_validation.py", line 213, in wrapper
    return func(*args, **kwargs)
  File "/home/agentr2404/.local/lib/python3.10/site-packages/sklearn/metrics/_ranking.py", line 634, in roc_auc_score
    return _multiclass_roc_auc_score(
  File "/home/agentr2404/.local/lib/python3.10/site-packages/sklearn/metrics/_ranking.py", line 707, in _multiclass_roc_auc_score
    raise ValueError(
ValueError: Target scores need to be probabilities for multiclass roc_auc, i.e. they should sum up to 1.0 over classes

  warnings.warn(

2025-11-03 18:44:38,389:WARNING:/home/agentr2404/.local/lib/python3.10/site-packages/sklearn/metrics/_classification.py:1561: UserWarning: Note that pos_label (set to 'Iris-virginica') is ignored when average != 'binary' (got 'weighted'). You may use labels=[pos_label] to specify a single positive class.
  warnings.warn(

2025-11-03 18:44:38,393:WARNING:/home/agentr2404/.local/lib/python3.10/site-packages/sklearn/metrics/_classification.py:1561: UserWarning: Note that pos_label (set to 'Iris-virginica') is ignored when average != 'binary' (got 'weighted'). You may use labels=[pos_label] to specify a single positive class.
  warnings.warn(

2025-11-03 18:44:38,396:WARNING:/home/agentr2404/.local/lib/python3.10/site-packages/sklearn/metrics/_classification.py:1561: UserWarning: Note that pos_label (set to 'Iris-virginica') is ignored when average != 'binary' (got 'weighted'). You may use labels=[pos_label] to specify a single positive class.
  warnings.warn(

2025-11-03 18:44:38,405:INFO:Calculating mean and std
2025-11-03 18:44:38,405:INFO:Creating metrics dataframe
2025-11-03 18:44:38,408:INFO:Uploading results into container
2025-11-03 18:44:38,408:INFO:Uploading model into container now
2025-11-03 18:44:38,409:INFO:_master_model_container: 5
2025-11-03 18:44:38,409:INFO:_display_container: 2
2025-11-03 18:44:38,409:INFO:SGDClassifier(alpha=0.0001, average=False, class_weight=None,
              early_stopping=False, epsilon=0.1, eta0=0.001, fit_intercept=True,
              l1_ratio=0.15, learning_rate='optimal', loss='hinge',
              max_iter=1000, n_iter_no_change=5, n_jobs=-1, penalty='l2',
              power_t=0.5, random_state=42, shuffle=True, tol=0.001,
              validation_fraction=0.1, verbose=0, warm_start=False)
2025-11-03 18:44:38,409:INFO:create_model() successfully completed......................................
2025-11-03 18:44:38,486:INFO:SubProcess create_model() end ==================================
2025-11-03 18:44:38,486:INFO:Creating metrics dataframe
2025-11-03 18:44:38,489:INFO:Initializing Ridge Classifier
2025-11-03 18:44:38,489:INFO:Total runtime is 0.10675167242685954 minutes
2025-11-03 18:44:38,489:INFO:SubProcess create_model() called ==================================
2025-11-03 18:44:38,489:INFO:Initializing create_model()
2025-11-03 18:44:38,489:INFO:create_model(self=<pycaret.classification.oop.ClassificationExperiment object at 0x780dcc9fcf40>, estimator=ridge, fold=StratifiedKFold(n_splits=10, random_state=None, shuffle=False), round=4, cross_validation=True, predict=True, fit_kwargs={}, groups=None, refit=False, probability_threshold=None, experiment_custom_tags=None, verbose=False, system=False, add_to_model_list=True, metrics=None, display=<pycaret.internal.display.display.CommonDisplay object at 0x780dcc7a8520>, model_only=True, return_train_score=False, error_score=0.0, kwargs={})
2025-11-03 18:44:38,489:INFO:Checking exceptions
2025-11-03 18:44:38,489:INFO:Importing libraries
2025-11-03 18:44:38,489:INFO:Copying training dataset
2025-11-03 18:44:38,492:INFO:Defining folds
2025-11-03 18:44:38,492:INFO:Declaring metric variables
2025-11-03 18:44:38,492:INFO:Importing untrained model
2025-11-03 18:44:38,493:INFO:Ridge Classifier Imported successfully
2025-11-03 18:44:38,493:INFO:Starting cross validation
2025-11-03 18:44:38,494:INFO:Cross validating with StratifiedKFold(n_splits=10, random_state=None, shuffle=False), n_jobs=-1
2025-11-03 18:44:38,539:WARNING:/home/agentr2404/.local/lib/python3.10/site-packages/pycaret/internal/metrics.py:204: FitFailedWarning: Metric 'make_scorer(roc_auc_score, response_method=('decision_function', 'predict_proba'), average=weighted, multi_class=ovr)' failed and error score 0.0 has been returned instead. If this is a custom metric, this usually means that the error is in the metric code. Full exception below:
Traceback (most recent call last):
  File "/home/agentr2404/.local/lib/python3.10/site-packages/pycaret/internal/metrics.py", line 196, in _score
    return super()._score(
  File "/home/agentr2404/.local/lib/python3.10/site-packages/sklearn/metrics/_scorer.py", line 350, in _score
    return self._sign * self._score_func(y_true, y_pred, **scoring_kwargs)
  File "/home/agentr2404/.local/lib/python3.10/site-packages/pycaret/internal/metrics.py", line 144, in __call__
    return self.score_func(y_true, y_pred, **kwargs)
  File "/home/agentr2404/.local/lib/python3.10/site-packages/sklearn/utils/_param_validation.py", line 213, in wrapper
    return func(*args, **kwargs)
  File "/home/agentr2404/.local/lib/python3.10/site-packages/sklearn/metrics/_ranking.py", line 634, in roc_auc_score
    return _multiclass_roc_auc_score(
  File "/home/agentr2404/.local/lib/python3.10/site-packages/sklearn/metrics/_ranking.py", line 707, in _multiclass_roc_auc_score
    raise ValueError(
ValueError: Target scores need to be probabilities for multiclass roc_auc, i.e. they should sum up to 1.0 over classes

  warnings.warn(

2025-11-03 18:44:38,542:WARNING:/home/agentr2404/.local/lib/python3.10/site-packages/sklearn/metrics/_classification.py:1561: UserWarning: Note that pos_label (set to 'Iris-virginica') is ignored when average != 'binary' (got 'weighted'). You may use labels=[pos_label] to specify a single positive class.
  warnings.warn(

2025-11-03 18:44:38,545:WARNING:/home/agentr2404/.local/lib/python3.10/site-packages/pycaret/internal/metrics.py:204: FitFailedWarning: Metric 'make_scorer(roc_auc_score, response_method=('decision_function', 'predict_proba'), average=weighted, multi_class=ovr)' failed and error score 0.0 has been returned instead. If this is a custom metric, this usually means that the error is in the metric code. Full exception below:
Traceback (most recent call last):
  File "/home/agentr2404/.local/lib/python3.10/site-packages/pycaret/internal/metrics.py", line 196, in _score
    return super()._score(
  File "/home/agentr2404/.local/lib/python3.10/site-packages/sklearn/metrics/_scorer.py", line 350, in _score
    return self._sign * self._score_func(y_true, y_pred, **scoring_kwargs)
  File "/home/agentr2404/.local/lib/python3.10/site-packages/pycaret/internal/metrics.py", line 144, in __call__
    return self.score_func(y_true, y_pred, **kwargs)
  File "/home/agentr2404/.local/lib/python3.10/site-packages/sklearn/utils/_param_validation.py", line 213, in wrapper
    return func(*args, **kwargs)
  File "/home/agentr2404/.local/lib/python3.10/site-packages/sklearn/metrics/_ranking.py", line 634, in roc_auc_score
    return _multiclass_roc_auc_score(
  File "/home/agentr2404/.local/lib/python3.10/site-packages/sklearn/metrics/_ranking.py", line 707, in _multiclass_roc_auc_score
    raise ValueError(
ValueError: Target scores need to be probabilities for multiclass roc_auc, i.e. they should sum up to 1.0 over classes

  warnings.warn(

2025-11-03 18:44:38,548:WARNING:/home/agentr2404/.local/lib/python3.10/site-packages/sklearn/metrics/_classification.py:1561: UserWarning: Note that pos_label (set to 'Iris-virginica') is ignored when average != 'binary' (got 'weighted'). You may use labels=[pos_label] to specify a single positive class.
  warnings.warn(

2025-11-03 18:44:38,548:WARNING:/home/agentr2404/.local/lib/python3.10/site-packages/sklearn/metrics/_classification.py:1561: UserWarning: Note that pos_label (set to 'Iris-virginica') is ignored when average != 'binary' (got 'weighted'). You may use labels=[pos_label] to specify a single positive class.
  warnings.warn(

2025-11-03 18:44:38,553:WARNING:/home/agentr2404/.local/lib/python3.10/site-packages/sklearn/metrics/_classification.py:1561: UserWarning: Note that pos_label (set to 'Iris-virginica') is ignored when average != 'binary' (got 'weighted'). You may use labels=[pos_label] to specify a single positive class.
  warnings.warn(

2025-11-03 18:44:38,554:WARNING:/home/agentr2404/.local/lib/python3.10/site-packages/sklearn/metrics/_classification.py:1561: UserWarning: Note that pos_label (set to 'Iris-virginica') is ignored when average != 'binary' (got 'weighted'). You may use labels=[pos_label] to specify a single positive class.
  warnings.warn(

2025-11-03 18:44:38,559:WARNING:/home/agentr2404/.local/lib/python3.10/site-packages/sklearn/metrics/_classification.py:1561: UserWarning: Note that pos_label (set to 'Iris-virginica') is ignored when average != 'binary' (got 'weighted'). You may use labels=[pos_label] to specify a single positive class.
  warnings.warn(

2025-11-03 18:44:38,599:WARNING:/home/agentr2404/.local/lib/python3.10/site-packages/pycaret/internal/metrics.py:204: FitFailedWarning: Metric 'make_scorer(roc_auc_score, response_method=('decision_function', 'predict_proba'), average=weighted, multi_class=ovr)' failed and error score 0.0 has been returned instead. If this is a custom metric, this usually means that the error is in the metric code. Full exception below:
Traceback (most recent call last):
  File "/home/agentr2404/.local/lib/python3.10/site-packages/pycaret/internal/metrics.py", line 196, in _score
    return super()._score(
  File "/home/agentr2404/.local/lib/python3.10/site-packages/sklearn/metrics/_scorer.py", line 350, in _score
    return self._sign * self._score_func(y_true, y_pred, **scoring_kwargs)
  File "/home/agentr2404/.local/lib/python3.10/site-packages/pycaret/internal/metrics.py", line 144, in __call__
    return self.score_func(y_true, y_pred, **kwargs)
  File "/home/agentr2404/.local/lib/python3.10/site-packages/sklearn/utils/_param_validation.py", line 213, in wrapper
    return func(*args, **kwargs)
  File "/home/agentr2404/.local/lib/python3.10/site-packages/sklearn/metrics/_ranking.py", line 634, in roc_auc_score
    return _multiclass_roc_auc_score(
  File "/home/agentr2404/.local/lib/python3.10/site-packages/sklearn/metrics/_ranking.py", line 707, in _multiclass_roc_auc_score
    raise ValueError(
ValueError: Target scores need to be probabilities for multiclass roc_auc, i.e. they should sum up to 1.0 over classes

  warnings.warn(

2025-11-03 18:44:38,603:WARNING:/home/agentr2404/.local/lib/python3.10/site-packages/sklearn/metrics/_classification.py:1561: UserWarning: Note that pos_label (set to 'Iris-virginica') is ignored when average != 'binary' (got 'weighted'). You may use labels=[pos_label] to specify a single positive class.
  warnings.warn(

2025-11-03 18:44:38,608:WARNING:/home/agentr2404/.local/lib/python3.10/site-packages/sklearn/metrics/_classification.py:1561: UserWarning: Note that pos_label (set to 'Iris-virginica') is ignored when average != 'binary' (got 'weighted'). You may use labels=[pos_label] to specify a single positive class.
  warnings.warn(

2025-11-03 18:44:38,614:WARNING:/home/agentr2404/.local/lib/python3.10/site-packages/sklearn/metrics/_classification.py:1561: UserWarning: Note that pos_label (set to 'Iris-virginica') is ignored when average != 'binary' (got 'weighted'). You may use labels=[pos_label] to specify a single positive class.
  warnings.warn(

2025-11-03 18:44:38,619:WARNING:/home/agentr2404/.local/lib/python3.10/site-packages/pycaret/internal/metrics.py:204: FitFailedWarning: Metric 'make_scorer(roc_auc_score, response_method=('decision_function', 'predict_proba'), average=weighted, multi_class=ovr)' failed and error score 0.0 has been returned instead. If this is a custom metric, this usually means that the error is in the metric code. Full exception below:
Traceback (most recent call last):
  File "/home/agentr2404/.local/lib/python3.10/site-packages/pycaret/internal/metrics.py", line 196, in _score
    return super()._score(
  File "/home/agentr2404/.local/lib/python3.10/site-packages/sklearn/metrics/_scorer.py", line 350, in _score
    return self._sign * self._score_func(y_true, y_pred, **scoring_kwargs)
  File "/home/agentr2404/.local/lib/python3.10/site-packages/pycaret/internal/metrics.py", line 144, in __call__
    return self.score_func(y_true, y_pred, **kwargs)
  File "/home/agentr2404/.local/lib/python3.10/site-packages/sklearn/utils/_param_validation.py", line 213, in wrapper
    return func(*args, **kwargs)
  File "/home/agentr2404/.local/lib/python3.10/site-packages/sklearn/metrics/_ranking.py", line 634, in roc_auc_score
    return _multiclass_roc_auc_score(
  File "/home/agentr2404/.local/lib/python3.10/site-packages/sklearn/metrics/_ranking.py", line 707, in _multiclass_roc_auc_score
    raise ValueError(
ValueError: Target scores need to be probabilities for multiclass roc_auc, i.e. they should sum up to 1.0 over classes

  warnings.warn(

2025-11-03 18:44:38,622:WARNING:/home/agentr2404/.local/lib/python3.10/site-packages/sklearn/metrics/_classification.py:1561: UserWarning: Note that pos_label (set to 'Iris-virginica') is ignored when average != 'binary' (got 'weighted'). You may use labels=[pos_label] to specify a single positive class.
  warnings.warn(

2025-11-03 18:44:38,630:WARNING:/home/agentr2404/.local/lib/python3.10/site-packages/sklearn/metrics/_classification.py:1561: UserWarning: Note that pos_label (set to 'Iris-virginica') is ignored when average != 'binary' (got 'weighted'). You may use labels=[pos_label] to specify a single positive class.
  warnings.warn(

2025-11-03 18:44:38,639:WARNING:/home/agentr2404/.local/lib/python3.10/site-packages/sklearn/metrics/_classification.py:1561: UserWarning: Note that pos_label (set to 'Iris-virginica') is ignored when average != 'binary' (got 'weighted'). You may use labels=[pos_label] to specify a single positive class.
  warnings.warn(

2025-11-03 18:44:38,665:WARNING:/home/agentr2404/.local/lib/python3.10/site-packages/pycaret/internal/metrics.py:204: FitFailedWarning: Metric 'make_scorer(roc_auc_score, response_method=('decision_function', 'predict_proba'), average=weighted, multi_class=ovr)' failed and error score 0.0 has been returned instead. If this is a custom metric, this usually means that the error is in the metric code. Full exception below:
Traceback (most recent call last):
  File "/home/agentr2404/.local/lib/python3.10/site-packages/pycaret/internal/metrics.py", line 196, in _score
    return super()._score(
  File "/home/agentr2404/.local/lib/python3.10/site-packages/sklearn/metrics/_scorer.py", line 350, in _score
    return self._sign * self._score_func(y_true, y_pred, **scoring_kwargs)
  File "/home/agentr2404/.local/lib/python3.10/site-packages/pycaret/internal/metrics.py", line 144, in __call__
    return self.score_func(y_true, y_pred, **kwargs)
  File "/home/agentr2404/.local/lib/python3.10/site-packages/sklearn/utils/_param_validation.py", line 213, in wrapper
    return func(*args, **kwargs)
  File "/home/agentr2404/.local/lib/python3.10/site-packages/sklearn/metrics/_ranking.py", line 634, in roc_auc_score
    return _multiclass_roc_auc_score(
  File "/home/agentr2404/.local/lib/python3.10/site-packages/sklearn/metrics/_ranking.py", line 707, in _multiclass_roc_auc_score
    raise ValueError(
ValueError: Target scores need to be probabilities for multiclass roc_auc, i.e. they should sum up to 1.0 over classes

  warnings.warn(

2025-11-03 18:44:38,668:WARNING:/home/agentr2404/.local/lib/python3.10/site-packages/sklearn/metrics/_classification.py:1561: UserWarning: Note that pos_label (set to 'Iris-virginica') is ignored when average != 'binary' (got 'weighted'). You may use labels=[pos_label] to specify a single positive class.
  warnings.warn(

2025-11-03 18:44:38,674:WARNING:/home/agentr2404/.local/lib/python3.10/site-packages/sklearn/metrics/_classification.py:1561: UserWarning: Note that pos_label (set to 'Iris-virginica') is ignored when average != 'binary' (got 'weighted'). You may use labels=[pos_label] to specify a single positive class.
  warnings.warn(

2025-11-03 18:44:38,680:WARNING:/home/agentr2404/.local/lib/python3.10/site-packages/sklearn/metrics/_classification.py:1561: UserWarning: Note that pos_label (set to 'Iris-virginica') is ignored when average != 'binary' (got 'weighted'). You may use labels=[pos_label] to specify a single positive class.
  warnings.warn(

2025-11-03 18:44:38,689:WARNING:/home/agentr2404/.local/lib/python3.10/site-packages/pycaret/internal/metrics.py:204: FitFailedWarning: Metric 'make_scorer(roc_auc_score, response_method=('decision_function', 'predict_proba'), average=weighted, multi_class=ovr)' failed and error score 0.0 has been returned instead. If this is a custom metric, this usually means that the error is in the metric code. Full exception below:
Traceback (most recent call last):
  File "/home/agentr2404/.local/lib/python3.10/site-packages/pycaret/internal/metrics.py", line 196, in _score
    return super()._score(
  File "/home/agentr2404/.local/lib/python3.10/site-packages/sklearn/metrics/_scorer.py", line 350, in _score
    return self._sign * self._score_func(y_true, y_pred, **scoring_kwargs)
  File "/home/agentr2404/.local/lib/python3.10/site-packages/pycaret/internal/metrics.py", line 144, in __call__
    return self.score_func(y_true, y_pred, **kwargs)
  File "/home/agentr2404/.local/lib/python3.10/site-packages/sklearn/utils/_param_validation.py", line 213, in wrapper
    return func(*args, **kwargs)
  File "/home/agentr2404/.local/lib/python3.10/site-packages/sklearn/metrics/_ranking.py", line 634, in roc_auc_score
    return _multiclass_roc_auc_score(
  File "/home/agentr2404/.local/lib/python3.10/site-packages/sklearn/metrics/_ranking.py", line 707, in _multiclass_roc_auc_score
    raise ValueError(
ValueError: Target scores need to be probabilities for multiclass roc_auc, i.e. they should sum up to 1.0 over classes

  warnings.warn(

2025-11-03 18:44:38,692:WARNING:/home/agentr2404/.local/lib/python3.10/site-packages/sklearn/metrics/_classification.py:1561: UserWarning: Note that pos_label (set to 'Iris-virginica') is ignored when average != 'binary' (got 'weighted'). You may use labels=[pos_label] to specify a single positive class.
  warnings.warn(

2025-11-03 18:44:38,698:WARNING:/home/agentr2404/.local/lib/python3.10/site-packages/sklearn/metrics/_classification.py:1561: UserWarning: Note that pos_label (set to 'Iris-virginica') is ignored when average != 'binary' (got 'weighted'). You may use labels=[pos_label] to specify a single positive class.
  warnings.warn(

2025-11-03 18:44:38,704:WARNING:/home/agentr2404/.local/lib/python3.10/site-packages/sklearn/metrics/_classification.py:1561: UserWarning: Note that pos_label (set to 'Iris-virginica') is ignored when average != 'binary' (got 'weighted'). You may use labels=[pos_label] to specify a single positive class.
  warnings.warn(

2025-11-03 18:44:38,723:WARNING:/home/agentr2404/.local/lib/python3.10/site-packages/pycaret/internal/metrics.py:204: FitFailedWarning: Metric 'make_scorer(roc_auc_score, response_method=('decision_function', 'predict_proba'), average=weighted, multi_class=ovr)' failed and error score 0.0 has been returned instead. If this is a custom metric, this usually means that the error is in the metric code. Full exception below:
Traceback (most recent call last):
  File "/home/agentr2404/.local/lib/python3.10/site-packages/pycaret/internal/metrics.py", line 196, in _score
    return super()._score(
  File "/home/agentr2404/.local/lib/python3.10/site-packages/sklearn/metrics/_scorer.py", line 350, in _score
    return self._sign * self._score_func(y_true, y_pred, **scoring_kwargs)
  File "/home/agentr2404/.local/lib/python3.10/site-packages/pycaret/internal/metrics.py", line 144, in __call__
    return self.score_func(y_true, y_pred, **kwargs)
  File "/home/agentr2404/.local/lib/python3.10/site-packages/sklearn/utils/_param_validation.py", line 213, in wrapper
    return func(*args, **kwargs)
  File "/home/agentr2404/.local/lib/python3.10/site-packages/sklearn/metrics/_ranking.py", line 634, in roc_auc_score
    return _multiclass_roc_auc_score(
  File "/home/agentr2404/.local/lib/python3.10/site-packages/sklearn/metrics/_ranking.py", line 707, in _multiclass_roc_auc_score
    raise ValueError(
ValueError: Target scores need to be probabilities for multiclass roc_auc, i.e. they should sum up to 1.0 over classes

  warnings.warn(

2025-11-03 18:44:38,726:WARNING:/home/agentr2404/.local/lib/python3.10/site-packages/sklearn/metrics/_classification.py:1561: UserWarning: Note that pos_label (set to 'Iris-virginica') is ignored when average != 'binary' (got 'weighted'). You may use labels=[pos_label] to specify a single positive class.
  warnings.warn(

2025-11-03 18:44:38,732:WARNING:/home/agentr2404/.local/lib/python3.10/site-packages/sklearn/metrics/_classification.py:1561: UserWarning: Note that pos_label (set to 'Iris-virginica') is ignored when average != 'binary' (got 'weighted'). You may use labels=[pos_label] to specify a single positive class.
  warnings.warn(

2025-11-03 18:44:38,738:WARNING:/home/agentr2404/.local/lib/python3.10/site-packages/sklearn/metrics/_classification.py:1561: UserWarning: Note that pos_label (set to 'Iris-virginica') is ignored when average != 'binary' (got 'weighted'). You may use labels=[pos_label] to specify a single positive class.
  warnings.warn(

2025-11-03 18:44:38,747:WARNING:/home/agentr2404/.local/lib/python3.10/site-packages/pycaret/internal/metrics.py:204: FitFailedWarning: Metric 'make_scorer(roc_auc_score, response_method=('decision_function', 'predict_proba'), average=weighted, multi_class=ovr)' failed and error score 0.0 has been returned instead. If this is a custom metric, this usually means that the error is in the metric code. Full exception below:
Traceback (most recent call last):
  File "/home/agentr2404/.local/lib/python3.10/site-packages/pycaret/internal/metrics.py", line 196, in _score
    return super()._score(
  File "/home/agentr2404/.local/lib/python3.10/site-packages/sklearn/metrics/_scorer.py", line 350, in _score
    return self._sign * self._score_func(y_true, y_pred, **scoring_kwargs)
  File "/home/agentr2404/.local/lib/python3.10/site-packages/pycaret/internal/metrics.py", line 144, in __call__
    return self.score_func(y_true, y_pred, **kwargs)
  File "/home/agentr2404/.local/lib/python3.10/site-packages/sklearn/utils/_param_validation.py", line 213, in wrapper
    return func(*args, **kwargs)
  File "/home/agentr2404/.local/lib/python3.10/site-packages/sklearn/metrics/_ranking.py", line 634, in roc_auc_score
    return _multiclass_roc_auc_score(
  File "/home/agentr2404/.local/lib/python3.10/site-packages/sklearn/metrics/_ranking.py", line 707, in _multiclass_roc_auc_score
    raise ValueError(
ValueError: Target scores need to be probabilities for multiclass roc_auc, i.e. they should sum up to 1.0 over classes

  warnings.warn(

2025-11-03 18:44:38,750:WARNING:/home/agentr2404/.local/lib/python3.10/site-packages/sklearn/metrics/_classification.py:1561: UserWarning: Note that pos_label (set to 'Iris-virginica') is ignored when average != 'binary' (got 'weighted'). You may use labels=[pos_label] to specify a single positive class.
  warnings.warn(

2025-11-03 18:44:38,755:WARNING:/home/agentr2404/.local/lib/python3.10/site-packages/sklearn/metrics/_classification.py:1561: UserWarning: Note that pos_label (set to 'Iris-virginica') is ignored when average != 'binary' (got 'weighted'). You may use labels=[pos_label] to specify a single positive class.
  warnings.warn(

2025-11-03 18:44:38,761:WARNING:/home/agentr2404/.local/lib/python3.10/site-packages/sklearn/metrics/_classification.py:1561: UserWarning: Note that pos_label (set to 'Iris-virginica') is ignored when average != 'binary' (got 'weighted'). You may use labels=[pos_label] to specify a single positive class.
  warnings.warn(

2025-11-03 18:44:38,783:WARNING:/home/agentr2404/.local/lib/python3.10/site-packages/pycaret/internal/metrics.py:204: FitFailedWarning: Metric 'make_scorer(roc_auc_score, response_method=('decision_function', 'predict_proba'), average=weighted, multi_class=ovr)' failed and error score 0.0 has been returned instead. If this is a custom metric, this usually means that the error is in the metric code. Full exception below:
Traceback (most recent call last):
  File "/home/agentr2404/.local/lib/python3.10/site-packages/pycaret/internal/metrics.py", line 196, in _score
    return super()._score(
  File "/home/agentr2404/.local/lib/python3.10/site-packages/sklearn/metrics/_scorer.py", line 350, in _score
    return self._sign * self._score_func(y_true, y_pred, **scoring_kwargs)
  File "/home/agentr2404/.local/lib/python3.10/site-packages/pycaret/internal/metrics.py", line 144, in __call__
    return self.score_func(y_true, y_pred, **kwargs)
  File "/home/agentr2404/.local/lib/python3.10/site-packages/sklearn/utils/_param_validation.py", line 213, in wrapper
    return func(*args, **kwargs)
  File "/home/agentr2404/.local/lib/python3.10/site-packages/sklearn/metrics/_ranking.py", line 634, in roc_auc_score
    return _multiclass_roc_auc_score(
  File "/home/agentr2404/.local/lib/python3.10/site-packages/sklearn/metrics/_ranking.py", line 707, in _multiclass_roc_auc_score
    raise ValueError(
ValueError: Target scores need to be probabilities for multiclass roc_auc, i.e. they should sum up to 1.0 over classes

  warnings.warn(

2025-11-03 18:44:38,786:WARNING:/home/agentr2404/.local/lib/python3.10/site-packages/sklearn/metrics/_classification.py:1561: UserWarning: Note that pos_label (set to 'Iris-virginica') is ignored when average != 'binary' (got 'weighted'). You may use labels=[pos_label] to specify a single positive class.
  warnings.warn(

2025-11-03 18:44:38,792:WARNING:/home/agentr2404/.local/lib/python3.10/site-packages/sklearn/metrics/_classification.py:1561: UserWarning: Note that pos_label (set to 'Iris-virginica') is ignored when average != 'binary' (got 'weighted'). You may use labels=[pos_label] to specify a single positive class.
  warnings.warn(

2025-11-03 18:44:38,797:WARNING:/home/agentr2404/.local/lib/python3.10/site-packages/sklearn/metrics/_classification.py:1561: UserWarning: Note that pos_label (set to 'Iris-virginica') is ignored when average != 'binary' (got 'weighted'). You may use labels=[pos_label] to specify a single positive class.
  warnings.warn(

2025-11-03 18:44:38,806:WARNING:/home/agentr2404/.local/lib/python3.10/site-packages/pycaret/internal/metrics.py:204: FitFailedWarning: Metric 'make_scorer(roc_auc_score, response_method=('decision_function', 'predict_proba'), average=weighted, multi_class=ovr)' failed and error score 0.0 has been returned instead. If this is a custom metric, this usually means that the error is in the metric code. Full exception below:
Traceback (most recent call last):
  File "/home/agentr2404/.local/lib/python3.10/site-packages/pycaret/internal/metrics.py", line 196, in _score
    return super()._score(
  File "/home/agentr2404/.local/lib/python3.10/site-packages/sklearn/metrics/_scorer.py", line 350, in _score
    return self._sign * self._score_func(y_true, y_pred, **scoring_kwargs)
  File "/home/agentr2404/.local/lib/python3.10/site-packages/pycaret/internal/metrics.py", line 144, in __call__
    return self.score_func(y_true, y_pred, **kwargs)
  File "/home/agentr2404/.local/lib/python3.10/site-packages/sklearn/utils/_param_validation.py", line 213, in wrapper
    return func(*args, **kwargs)
  File "/home/agentr2404/.local/lib/python3.10/site-packages/sklearn/metrics/_ranking.py", line 634, in roc_auc_score
    return _multiclass_roc_auc_score(
  File "/home/agentr2404/.local/lib/python3.10/site-packages/sklearn/metrics/_ranking.py", line 707, in _multiclass_roc_auc_score
    raise ValueError(
ValueError: Target scores need to be probabilities for multiclass roc_auc, i.e. they should sum up to 1.0 over classes

  warnings.warn(

2025-11-03 18:44:38,809:WARNING:/home/agentr2404/.local/lib/python3.10/site-packages/sklearn/metrics/_classification.py:1561: UserWarning: Note that pos_label (set to 'Iris-virginica') is ignored when average != 'binary' (got 'weighted'). You may use labels=[pos_label] to specify a single positive class.
  warnings.warn(

2025-11-03 18:44:38,812:WARNING:/home/agentr2404/.local/lib/python3.10/site-packages/sklearn/metrics/_classification.py:1561: UserWarning: Note that pos_label (set to 'Iris-virginica') is ignored when average != 'binary' (got 'weighted'). You may use labels=[pos_label] to specify a single positive class.
  warnings.warn(

2025-11-03 18:44:38,814:WARNING:/home/agentr2404/.local/lib/python3.10/site-packages/sklearn/metrics/_classification.py:1561: UserWarning: Note that pos_label (set to 'Iris-virginica') is ignored when average != 'binary' (got 'weighted'). You may use labels=[pos_label] to specify a single positive class.
  warnings.warn(

2025-11-03 18:44:38,828:INFO:Calculating mean and std
2025-11-03 18:44:38,829:INFO:Creating metrics dataframe
2025-11-03 18:44:38,831:INFO:Uploading results into container
2025-11-03 18:44:38,832:INFO:Uploading model into container now
2025-11-03 18:44:38,832:INFO:_master_model_container: 6
2025-11-03 18:44:38,832:INFO:_display_container: 2
2025-11-03 18:44:38,833:INFO:RidgeClassifier(alpha=1.0, class_weight=None, copy_X=True, fit_intercept=True,
                max_iter=None, positive=False, random_state=42, solver='auto',
                tol=0.0001)
2025-11-03 18:44:38,833:INFO:create_model() successfully completed......................................
2025-11-03 18:44:38,912:INFO:SubProcess create_model() end ==================================
2025-11-03 18:44:38,912:INFO:Creating metrics dataframe
2025-11-03 18:44:38,915:INFO:Initializing Random Forest Classifier
2025-11-03 18:44:38,915:INFO:Total runtime is 0.11385139624277751 minutes
2025-11-03 18:44:38,915:INFO:SubProcess create_model() called ==================================
2025-11-03 18:44:38,915:INFO:Initializing create_model()
2025-11-03 18:44:38,915:INFO:create_model(self=<pycaret.classification.oop.ClassificationExperiment object at 0x780dcc9fcf40>, estimator=rf, fold=StratifiedKFold(n_splits=10, random_state=None, shuffle=False), round=4, cross_validation=True, predict=True, fit_kwargs={}, groups=None, refit=False, probability_threshold=None, experiment_custom_tags=None, verbose=False, system=False, add_to_model_list=True, metrics=None, display=<pycaret.internal.display.display.CommonDisplay object at 0x780dcc7a8520>, model_only=True, return_train_score=False, error_score=0.0, kwargs={})
2025-11-03 18:44:38,915:INFO:Checking exceptions
2025-11-03 18:44:38,915:INFO:Importing libraries
2025-11-03 18:44:38,915:INFO:Copying training dataset
2025-11-03 18:44:38,918:INFO:Defining folds
2025-11-03 18:44:38,919:INFO:Declaring metric variables
2025-11-03 18:44:38,919:INFO:Importing untrained model
2025-11-03 18:44:38,919:INFO:Random Forest Classifier Imported successfully
2025-11-03 18:44:38,919:INFO:Starting cross validation
2025-11-03 18:44:38,920:INFO:Cross validating with StratifiedKFold(n_splits=10, random_state=None, shuffle=False), n_jobs=-1
2025-11-03 18:44:39,323:WARNING:/home/agentr2404/.local/lib/python3.10/site-packages/sklearn/metrics/_classification.py:1561: UserWarning: Note that pos_label (set to 'Iris-virginica') is ignored when average != 'binary' (got 'weighted'). You may use labels=[pos_label] to specify a single positive class.
  warnings.warn(

2025-11-03 18:44:39,330:WARNING:/home/agentr2404/.local/lib/python3.10/site-packages/sklearn/metrics/_classification.py:1561: UserWarning: Note that pos_label (set to 'Iris-virginica') is ignored when average != 'binary' (got 'weighted'). You may use labels=[pos_label] to specify a single positive class.
  warnings.warn(

2025-11-03 18:44:39,332:WARNING:/home/agentr2404/.local/lib/python3.10/site-packages/sklearn/metrics/_classification.py:1561: UserWarning: Note that pos_label (set to 'Iris-virginica') is ignored when average != 'binary' (got 'weighted'). You may use labels=[pos_label] to specify a single positive class.
  warnings.warn(

2025-11-03 18:44:39,335:WARNING:/home/agentr2404/.local/lib/python3.10/site-packages/sklearn/metrics/_classification.py:1561: UserWarning: Note that pos_label (set to 'Iris-virginica') is ignored when average != 'binary' (got 'weighted'). You may use labels=[pos_label] to specify a single positive class.
  warnings.warn(

2025-11-03 18:44:39,338:WARNING:/home/agentr2404/.local/lib/python3.10/site-packages/sklearn/metrics/_classification.py:1561: UserWarning: Note that pos_label (set to 'Iris-virginica') is ignored when average != 'binary' (got 'weighted'). You may use labels=[pos_label] to specify a single positive class.
  warnings.warn(

2025-11-03 18:44:39,344:WARNING:/home/agentr2404/.local/lib/python3.10/site-packages/sklearn/metrics/_classification.py:1561: UserWarning: Note that pos_label (set to 'Iris-virginica') is ignored when average != 'binary' (got 'weighted'). You may use labels=[pos_label] to specify a single positive class.
  warnings.warn(

2025-11-03 18:44:39,751:WARNING:/home/agentr2404/.local/lib/python3.10/site-packages/sklearn/metrics/_classification.py:1561: UserWarning: Note that pos_label (set to 'Iris-virginica') is ignored when average != 'binary' (got 'weighted'). You may use labels=[pos_label] to specify a single positive class.
  warnings.warn(

2025-11-03 18:44:39,754:WARNING:/home/agentr2404/.local/lib/python3.10/site-packages/sklearn/metrics/_classification.py:1561: UserWarning: Note that pos_label (set to 'Iris-virginica') is ignored when average != 'binary' (got 'weighted'). You may use labels=[pos_label] to specify a single positive class.
  warnings.warn(

2025-11-03 18:44:39,756:WARNING:/home/agentr2404/.local/lib/python3.10/site-packages/sklearn/metrics/_classification.py:1561: UserWarning: Note that pos_label (set to 'Iris-virginica') is ignored when average != 'binary' (got 'weighted'). You may use labels=[pos_label] to specify a single positive class.
  warnings.warn(

2025-11-03 18:44:39,770:WARNING:/home/agentr2404/.local/lib/python3.10/site-packages/sklearn/metrics/_classification.py:1561: UserWarning: Note that pos_label (set to 'Iris-virginica') is ignored when average != 'binary' (got 'weighted'). You may use labels=[pos_label] to specify a single positive class.
  warnings.warn(

2025-11-03 18:44:39,778:WARNING:/home/agentr2404/.local/lib/python3.10/site-packages/sklearn/metrics/_classification.py:1561: UserWarning: Note that pos_label (set to 'Iris-virginica') is ignored when average != 'binary' (got 'weighted'). You may use labels=[pos_label] to specify a single positive class.
  warnings.warn(

2025-11-03 18:44:39,784:WARNING:/home/agentr2404/.local/lib/python3.10/site-packages/sklearn/metrics/_classification.py:1561: UserWarning: Note that pos_label (set to 'Iris-virginica') is ignored when average != 'binary' (got 'weighted'). You may use labels=[pos_label] to specify a single positive class.
  warnings.warn(

2025-11-03 18:44:40,142:WARNING:/home/agentr2404/.local/lib/python3.10/site-packages/sklearn/metrics/_classification.py:1561: UserWarning: Note that pos_label (set to 'Iris-virginica') is ignored when average != 'binary' (got 'weighted'). You may use labels=[pos_label] to specify a single positive class.
  warnings.warn(

2025-11-03 18:44:40,148:WARNING:/home/agentr2404/.local/lib/python3.10/site-packages/sklearn/metrics/_classification.py:1561: UserWarning: Note that pos_label (set to 'Iris-virginica') is ignored when average != 'binary' (got 'weighted'). You may use labels=[pos_label] to specify a single positive class.
  warnings.warn(

2025-11-03 18:44:40,154:WARNING:/home/agentr2404/.local/lib/python3.10/site-packages/sklearn/metrics/_classification.py:1561: UserWarning: Note that pos_label (set to 'Iris-virginica') is ignored when average != 'binary' (got 'weighted'). You may use labels=[pos_label] to specify a single positive class.
  warnings.warn(

2025-11-03 18:44:40,188:WARNING:/home/agentr2404/.local/lib/python3.10/site-packages/sklearn/metrics/_classification.py:1561: UserWarning: Note that pos_label (set to 'Iris-virginica') is ignored when average != 'binary' (got 'weighted'). You may use labels=[pos_label] to specify a single positive class.
  warnings.warn(

2025-11-03 18:44:40,194:WARNING:/home/agentr2404/.local/lib/python3.10/site-packages/sklearn/metrics/_classification.py:1561: UserWarning: Note that pos_label (set to 'Iris-virginica') is ignored when average != 'binary' (got 'weighted'). You may use labels=[pos_label] to specify a single positive class.
  warnings.warn(

2025-11-03 18:44:40,200:WARNING:/home/agentr2404/.local/lib/python3.10/site-packages/sklearn/metrics/_classification.py:1561: UserWarning: Note that pos_label (set to 'Iris-virginica') is ignored when average != 'binary' (got 'weighted'). You may use labels=[pos_label] to specify a single positive class.
  warnings.warn(

2025-11-03 18:44:40,560:WARNING:/home/agentr2404/.local/lib/python3.10/site-packages/sklearn/metrics/_classification.py:1561: UserWarning: Note that pos_label (set to 'Iris-virginica') is ignored when average != 'binary' (got 'weighted'). You may use labels=[pos_label] to specify a single positive class.
  warnings.warn(

2025-11-03 18:44:40,565:WARNING:/home/agentr2404/.local/lib/python3.10/site-packages/sklearn/metrics/_classification.py:1561: UserWarning: Note that pos_label (set to 'Iris-virginica') is ignored when average != 'binary' (got 'weighted'). You may use labels=[pos_label] to specify a single positive class.
  warnings.warn(

2025-11-03 18:44:40,568:WARNING:/home/agentr2404/.local/lib/python3.10/site-packages/sklearn/metrics/_classification.py:1561: UserWarning: Note that pos_label (set to 'Iris-virginica') is ignored when average != 'binary' (got 'weighted'). You may use labels=[pos_label] to specify a single positive class.
  warnings.warn(

2025-11-03 18:44:40,615:WARNING:/home/agentr2404/.local/lib/python3.10/site-packages/sklearn/metrics/_classification.py:1561: UserWarning: Note that pos_label (set to 'Iris-virginica') is ignored when average != 'binary' (got 'weighted'). You may use labels=[pos_label] to specify a single positive class.
  warnings.warn(

2025-11-03 18:44:40,621:WARNING:/home/agentr2404/.local/lib/python3.10/site-packages/sklearn/metrics/_classification.py:1561: UserWarning: Note that pos_label (set to 'Iris-virginica') is ignored when average != 'binary' (got 'weighted'). You may use labels=[pos_label] to specify a single positive class.
  warnings.warn(

2025-11-03 18:44:40,627:WARNING:/home/agentr2404/.local/lib/python3.10/site-packages/sklearn/metrics/_classification.py:1561: UserWarning: Note that pos_label (set to 'Iris-virginica') is ignored when average != 'binary' (got 'weighted'). You may use labels=[pos_label] to specify a single positive class.
  warnings.warn(

2025-11-03 18:44:40,972:WARNING:/home/agentr2404/.local/lib/python3.10/site-packages/sklearn/metrics/_classification.py:1561: UserWarning: Note that pos_label (set to 'Iris-virginica') is ignored when average != 'binary' (got 'weighted'). You may use labels=[pos_label] to specify a single positive class.
  warnings.warn(

2025-11-03 18:44:40,979:WARNING:/home/agentr2404/.local/lib/python3.10/site-packages/sklearn/metrics/_classification.py:1561: UserWarning: Note that pos_label (set to 'Iris-virginica') is ignored when average != 'binary' (got 'weighted'). You may use labels=[pos_label] to specify a single positive class.
  warnings.warn(

2025-11-03 18:44:40,984:WARNING:/home/agentr2404/.local/lib/python3.10/site-packages/sklearn/metrics/_classification.py:1561: UserWarning: Note that pos_label (set to 'Iris-virginica') is ignored when average != 'binary' (got 'weighted'). You may use labels=[pos_label] to specify a single positive class.
  warnings.warn(

2025-11-03 18:44:41,029:WARNING:/home/agentr2404/.local/lib/python3.10/site-packages/sklearn/metrics/_classification.py:1561: UserWarning: Note that pos_label (set to 'Iris-virginica') is ignored when average != 'binary' (got 'weighted'). You may use labels=[pos_label] to specify a single positive class.
  warnings.warn(

2025-11-03 18:44:41,032:WARNING:/home/agentr2404/.local/lib/python3.10/site-packages/sklearn/metrics/_classification.py:1561: UserWarning: Note that pos_label (set to 'Iris-virginica') is ignored when average != 'binary' (got 'weighted'). You may use labels=[pos_label] to specify a single positive class.
  warnings.warn(

2025-11-03 18:44:41,034:WARNING:/home/agentr2404/.local/lib/python3.10/site-packages/sklearn/metrics/_classification.py:1561: UserWarning: Note that pos_label (set to 'Iris-virginica') is ignored when average != 'binary' (got 'weighted'). You may use labels=[pos_label] to specify a single positive class.
  warnings.warn(

2025-11-03 18:44:41,048:INFO:Calculating mean and std
2025-11-03 18:44:41,049:INFO:Creating metrics dataframe
2025-11-03 18:44:41,052:INFO:Uploading results into container
2025-11-03 18:44:41,052:INFO:Uploading model into container now
2025-11-03 18:44:41,053:INFO:_master_model_container: 7
2025-11-03 18:44:41,053:INFO:_display_container: 2
2025-11-03 18:44:41,053:INFO:RandomForestClassifier(bootstrap=True, ccp_alpha=0.0, class_weight=None,
                       criterion='gini', max_depth=None, max_features='sqrt',
                       max_leaf_nodes=None, max_samples=None,
                       min_impurity_decrease=0.0, min_samples_leaf=1,
                       min_samples_split=2, min_weight_fraction_leaf=0.0,
                       monotonic_cst=None, n_estimators=100, n_jobs=-1,
                       oob_score=False, random_state=42, verbose=0,
                       warm_start=False)
2025-11-03 18:44:41,053:INFO:create_model() successfully completed......................................
2025-11-03 18:44:41,168:INFO:SubProcess create_model() end ==================================
2025-11-03 18:44:41,168:INFO:Creating metrics dataframe
2025-11-03 18:44:41,172:INFO:Initializing Quadratic Discriminant Analysis
2025-11-03 18:44:41,172:INFO:Total runtime is 0.1514683763186137 minutes
2025-11-03 18:44:41,172:INFO:SubProcess create_model() called ==================================
2025-11-03 18:44:41,172:INFO:Initializing create_model()
2025-11-03 18:44:41,172:INFO:create_model(self=<pycaret.classification.oop.ClassificationExperiment object at 0x780dcc9fcf40>, estimator=qda, fold=StratifiedKFold(n_splits=10, random_state=None, shuffle=False), round=4, cross_validation=True, predict=True, fit_kwargs={}, groups=None, refit=False, probability_threshold=None, experiment_custom_tags=None, verbose=False, system=False, add_to_model_list=True, metrics=None, display=<pycaret.internal.display.display.CommonDisplay object at 0x780dcc7a8520>, model_only=True, return_train_score=False, error_score=0.0, kwargs={})
2025-11-03 18:44:41,172:INFO:Checking exceptions
2025-11-03 18:44:41,172:INFO:Importing libraries
2025-11-03 18:44:41,172:INFO:Copying training dataset
2025-11-03 18:44:41,176:INFO:Defining folds
2025-11-03 18:44:41,176:INFO:Declaring metric variables
2025-11-03 18:44:41,176:INFO:Importing untrained model
2025-11-03 18:44:41,177:INFO:Quadratic Discriminant Analysis Imported successfully
2025-11-03 18:44:41,177:INFO:Starting cross validation
2025-11-03 18:44:41,178:INFO:Cross validating with StratifiedKFold(n_splits=10, random_state=None, shuffle=False), n_jobs=-1
2025-11-03 18:44:41,225:WARNING:/home/agentr2404/.local/lib/python3.10/site-packages/pycaret/internal/metrics.py:204: FitFailedWarning: Metric 'make_scorer(roc_auc_score, response_method=('decision_function', 'predict_proba'), average=weighted, multi_class=ovr)' failed and error score 0.0 has been returned instead. If this is a custom metric, this usually means that the error is in the metric code. Full exception below:
Traceback (most recent call last):
  File "/home/agentr2404/.local/lib/python3.10/site-packages/pycaret/internal/metrics.py", line 196, in _score
    return super()._score(
  File "/home/agentr2404/.local/lib/python3.10/site-packages/sklearn/metrics/_scorer.py", line 350, in _score
    return self._sign * self._score_func(y_true, y_pred, **scoring_kwargs)
  File "/home/agentr2404/.local/lib/python3.10/site-packages/pycaret/internal/metrics.py", line 144, in __call__
    return self.score_func(y_true, y_pred, **kwargs)
  File "/home/agentr2404/.local/lib/python3.10/site-packages/sklearn/utils/_param_validation.py", line 213, in wrapper
    return func(*args, **kwargs)
  File "/home/agentr2404/.local/lib/python3.10/site-packages/sklearn/metrics/_ranking.py", line 634, in roc_auc_score
    return _multiclass_roc_auc_score(
  File "/home/agentr2404/.local/lib/python3.10/site-packages/sklearn/metrics/_ranking.py", line 707, in _multiclass_roc_auc_score
    raise ValueError(
ValueError: Target scores need to be probabilities for multiclass roc_auc, i.e. they should sum up to 1.0 over classes

  warnings.warn(

2025-11-03 18:44:41,229:WARNING:/home/agentr2404/.local/lib/python3.10/site-packages/sklearn/metrics/_classification.py:1561: UserWarning: Note that pos_label (set to 'Iris-virginica') is ignored when average != 'binary' (got 'weighted'). You may use labels=[pos_label] to specify a single positive class.
  warnings.warn(

2025-11-03 18:44:41,232:WARNING:/home/agentr2404/.local/lib/python3.10/site-packages/pycaret/internal/metrics.py:204: FitFailedWarning: Metric 'make_scorer(roc_auc_score, response_method=('decision_function', 'predict_proba'), average=weighted, multi_class=ovr)' failed and error score 0.0 has been returned instead. If this is a custom metric, this usually means that the error is in the metric code. Full exception below:
Traceback (most recent call last):
  File "/home/agentr2404/.local/lib/python3.10/site-packages/pycaret/internal/metrics.py", line 196, in _score
    return super()._score(
  File "/home/agentr2404/.local/lib/python3.10/site-packages/sklearn/metrics/_scorer.py", line 350, in _score
    return self._sign * self._score_func(y_true, y_pred, **scoring_kwargs)
  File "/home/agentr2404/.local/lib/python3.10/site-packages/pycaret/internal/metrics.py", line 144, in __call__
    return self.score_func(y_true, y_pred, **kwargs)
  File "/home/agentr2404/.local/lib/python3.10/site-packages/sklearn/utils/_param_validation.py", line 213, in wrapper
    return func(*args, **kwargs)
  File "/home/agentr2404/.local/lib/python3.10/site-packages/sklearn/metrics/_ranking.py", line 634, in roc_auc_score
    return _multiclass_roc_auc_score(
  File "/home/agentr2404/.local/lib/python3.10/site-packages/sklearn/metrics/_ranking.py", line 707, in _multiclass_roc_auc_score
    raise ValueError(
ValueError: Target scores need to be probabilities for multiclass roc_auc, i.e. they should sum up to 1.0 over classes

  warnings.warn(

2025-11-03 18:44:41,235:WARNING:/home/agentr2404/.local/lib/python3.10/site-packages/sklearn/metrics/_classification.py:1561: UserWarning: Note that pos_label (set to 'Iris-virginica') is ignored when average != 'binary' (got 'weighted'). You may use labels=[pos_label] to specify a single positive class.
  warnings.warn(

2025-11-03 18:44:41,236:WARNING:/home/agentr2404/.local/lib/python3.10/site-packages/sklearn/metrics/_classification.py:1561: UserWarning: Note that pos_label (set to 'Iris-virginica') is ignored when average != 'binary' (got 'weighted'). You may use labels=[pos_label] to specify a single positive class.
  warnings.warn(

2025-11-03 18:44:41,241:WARNING:/home/agentr2404/.local/lib/python3.10/site-packages/sklearn/metrics/_classification.py:1561: UserWarning: Note that pos_label (set to 'Iris-virginica') is ignored when average != 'binary' (got 'weighted'). You may use labels=[pos_label] to specify a single positive class.
  warnings.warn(

2025-11-03 18:44:41,242:WARNING:/home/agentr2404/.local/lib/python3.10/site-packages/sklearn/metrics/_classification.py:1561: UserWarning: Note that pos_label (set to 'Iris-virginica') is ignored when average != 'binary' (got 'weighted'). You may use labels=[pos_label] to specify a single positive class.
  warnings.warn(

2025-11-03 18:44:41,249:WARNING:/home/agentr2404/.local/lib/python3.10/site-packages/sklearn/metrics/_classification.py:1561: UserWarning: Note that pos_label (set to 'Iris-virginica') is ignored when average != 'binary' (got 'weighted'). You may use labels=[pos_label] to specify a single positive class.
  warnings.warn(

2025-11-03 18:44:41,295:WARNING:/home/agentr2404/.local/lib/python3.10/site-packages/pycaret/internal/metrics.py:204: FitFailedWarning: Metric 'make_scorer(roc_auc_score, response_method=('decision_function', 'predict_proba'), average=weighted, multi_class=ovr)' failed and error score 0.0 has been returned instead. If this is a custom metric, this usually means that the error is in the metric code. Full exception below:
Traceback (most recent call last):
  File "/home/agentr2404/.local/lib/python3.10/site-packages/pycaret/internal/metrics.py", line 196, in _score
    return super()._score(
  File "/home/agentr2404/.local/lib/python3.10/site-packages/sklearn/metrics/_scorer.py", line 350, in _score
    return self._sign * self._score_func(y_true, y_pred, **scoring_kwargs)
  File "/home/agentr2404/.local/lib/python3.10/site-packages/pycaret/internal/metrics.py", line 144, in __call__
    return self.score_func(y_true, y_pred, **kwargs)
  File "/home/agentr2404/.local/lib/python3.10/site-packages/sklearn/utils/_param_validation.py", line 213, in wrapper
    return func(*args, **kwargs)
  File "/home/agentr2404/.local/lib/python3.10/site-packages/sklearn/metrics/_ranking.py", line 634, in roc_auc_score
    return _multiclass_roc_auc_score(
  File "/home/agentr2404/.local/lib/python3.10/site-packages/sklearn/metrics/_ranking.py", line 707, in _multiclass_roc_auc_score
    raise ValueError(
ValueError: Target scores need to be probabilities for multiclass roc_auc, i.e. they should sum up to 1.0 over classes

  warnings.warn(

2025-11-03 18:44:41,299:WARNING:/home/agentr2404/.local/lib/python3.10/site-packages/sklearn/metrics/_classification.py:1561: UserWarning: Note that pos_label (set to 'Iris-virginica') is ignored when average != 'binary' (got 'weighted'). You may use labels=[pos_label] to specify a single positive class.
  warnings.warn(

2025-11-03 18:44:41,301:WARNING:/home/agentr2404/.local/lib/python3.10/site-packages/pycaret/internal/metrics.py:204: FitFailedWarning: Metric 'make_scorer(roc_auc_score, response_method=('decision_function', 'predict_proba'), average=weighted, multi_class=ovr)' failed and error score 0.0 has been returned instead. If this is a custom metric, this usually means that the error is in the metric code. Full exception below:
Traceback (most recent call last):
  File "/home/agentr2404/.local/lib/python3.10/site-packages/pycaret/internal/metrics.py", line 196, in _score
    return super()._score(
  File "/home/agentr2404/.local/lib/python3.10/site-packages/sklearn/metrics/_scorer.py", line 350, in _score
    return self._sign * self._score_func(y_true, y_pred, **scoring_kwargs)
  File "/home/agentr2404/.local/lib/python3.10/site-packages/pycaret/internal/metrics.py", line 144, in __call__
    return self.score_func(y_true, y_pred, **kwargs)
  File "/home/agentr2404/.local/lib/python3.10/site-packages/sklearn/utils/_param_validation.py", line 213, in wrapper
    return func(*args, **kwargs)
  File "/home/agentr2404/.local/lib/python3.10/site-packages/sklearn/metrics/_ranking.py", line 634, in roc_auc_score
    return _multiclass_roc_auc_score(
  File "/home/agentr2404/.local/lib/python3.10/site-packages/sklearn/metrics/_ranking.py", line 707, in _multiclass_roc_auc_score
    raise ValueError(
ValueError: Target scores need to be probabilities for multiclass roc_auc, i.e. they should sum up to 1.0 over classes

  warnings.warn(

2025-11-03 18:44:41,304:WARNING:/home/agentr2404/.local/lib/python3.10/site-packages/sklearn/metrics/_classification.py:1561: UserWarning: Note that pos_label (set to 'Iris-virginica') is ignored when average != 'binary' (got 'weighted'). You may use labels=[pos_label] to specify a single positive class.
  warnings.warn(

2025-11-03 18:44:41,305:WARNING:/home/agentr2404/.local/lib/python3.10/site-packages/sklearn/metrics/_classification.py:1561: UserWarning: Note that pos_label (set to 'Iris-virginica') is ignored when average != 'binary' (got 'weighted'). You may use labels=[pos_label] to specify a single positive class.
  warnings.warn(

2025-11-03 18:44:41,310:WARNING:/home/agentr2404/.local/lib/python3.10/site-packages/sklearn/metrics/_classification.py:1561: UserWarning: Note that pos_label (set to 'Iris-virginica') is ignored when average != 'binary' (got 'weighted'). You may use labels=[pos_label] to specify a single positive class.
  warnings.warn(

2025-11-03 18:44:41,310:WARNING:/home/agentr2404/.local/lib/python3.10/site-packages/sklearn/metrics/_classification.py:1561: UserWarning: Note that pos_label (set to 'Iris-virginica') is ignored when average != 'binary' (got 'weighted'). You may use labels=[pos_label] to specify a single positive class.
  warnings.warn(

2025-11-03 18:44:41,317:WARNING:/home/agentr2404/.local/lib/python3.10/site-packages/sklearn/metrics/_classification.py:1561: UserWarning: Note that pos_label (set to 'Iris-virginica') is ignored when average != 'binary' (got 'weighted'). You may use labels=[pos_label] to specify a single positive class.
  warnings.warn(

2025-11-03 18:44:41,361:WARNING:/home/agentr2404/.local/lib/python3.10/site-packages/pycaret/internal/metrics.py:204: FitFailedWarning: Metric 'make_scorer(roc_auc_score, response_method=('decision_function', 'predict_proba'), average=weighted, multi_class=ovr)' failed and error score 0.0 has been returned instead. If this is a custom metric, this usually means that the error is in the metric code. Full exception below:
Traceback (most recent call last):
  File "/home/agentr2404/.local/lib/python3.10/site-packages/pycaret/internal/metrics.py", line 196, in _score
    return super()._score(
  File "/home/agentr2404/.local/lib/python3.10/site-packages/sklearn/metrics/_scorer.py", line 350, in _score
    return self._sign * self._score_func(y_true, y_pred, **scoring_kwargs)
  File "/home/agentr2404/.local/lib/python3.10/site-packages/pycaret/internal/metrics.py", line 144, in __call__
    return self.score_func(y_true, y_pred, **kwargs)
  File "/home/agentr2404/.local/lib/python3.10/site-packages/sklearn/utils/_param_validation.py", line 213, in wrapper
    return func(*args, **kwargs)
  File "/home/agentr2404/.local/lib/python3.10/site-packages/sklearn/metrics/_ranking.py", line 634, in roc_auc_score
    return _multiclass_roc_auc_score(
  File "/home/agentr2404/.local/lib/python3.10/site-packages/sklearn/metrics/_ranking.py", line 707, in _multiclass_roc_auc_score
    raise ValueError(
ValueError: Target scores need to be probabilities for multiclass roc_auc, i.e. they should sum up to 1.0 over classes

  warnings.warn(

2025-11-03 18:44:41,364:WARNING:/home/agentr2404/.local/lib/python3.10/site-packages/sklearn/metrics/_classification.py:1561: UserWarning: Note that pos_label (set to 'Iris-virginica') is ignored when average != 'binary' (got 'weighted'). You may use labels=[pos_label] to specify a single positive class.
  warnings.warn(

2025-11-03 18:44:41,369:WARNING:/home/agentr2404/.local/lib/python3.10/site-packages/pycaret/internal/metrics.py:204: FitFailedWarning: Metric 'make_scorer(roc_auc_score, response_method=('decision_function', 'predict_proba'), average=weighted, multi_class=ovr)' failed and error score 0.0 has been returned instead. If this is a custom metric, this usually means that the error is in the metric code. Full exception below:
Traceback (most recent call last):
  File "/home/agentr2404/.local/lib/python3.10/site-packages/pycaret/internal/metrics.py", line 196, in _score
    return super()._score(
  File "/home/agentr2404/.local/lib/python3.10/site-packages/sklearn/metrics/_scorer.py", line 350, in _score
    return self._sign * self._score_func(y_true, y_pred, **scoring_kwargs)
  File "/home/agentr2404/.local/lib/python3.10/site-packages/pycaret/internal/metrics.py", line 144, in __call__
    return self.score_func(y_true, y_pred, **kwargs)
  File "/home/agentr2404/.local/lib/python3.10/site-packages/sklearn/utils/_param_validation.py", line 213, in wrapper
    return func(*args, **kwargs)
  File "/home/agentr2404/.local/lib/python3.10/site-packages/sklearn/metrics/_ranking.py", line 634, in roc_auc_score
    return _multiclass_roc_auc_score(
  File "/home/agentr2404/.local/lib/python3.10/site-packages/sklearn/metrics/_ranking.py", line 707, in _multiclass_roc_auc_score
    raise ValueError(
ValueError: Target scores need to be probabilities for multiclass roc_auc, i.e. they should sum up to 1.0 over classes

  warnings.warn(

2025-11-03 18:44:41,370:WARNING:/home/agentr2404/.local/lib/python3.10/site-packages/sklearn/metrics/_classification.py:1561: UserWarning: Note that pos_label (set to 'Iris-virginica') is ignored when average != 'binary' (got 'weighted'). You may use labels=[pos_label] to specify a single positive class.
  warnings.warn(

2025-11-03 18:44:41,372:WARNING:/home/agentr2404/.local/lib/python3.10/site-packages/sklearn/metrics/_classification.py:1561: UserWarning: Note that pos_label (set to 'Iris-virginica') is ignored when average != 'binary' (got 'weighted'). You may use labels=[pos_label] to specify a single positive class.
  warnings.warn(

2025-11-03 18:44:41,376:WARNING:/home/agentr2404/.local/lib/python3.10/site-packages/sklearn/metrics/_classification.py:1561: UserWarning: Note that pos_label (set to 'Iris-virginica') is ignored when average != 'binary' (got 'weighted'). You may use labels=[pos_label] to specify a single positive class.
  warnings.warn(

2025-11-03 18:44:41,378:WARNING:/home/agentr2404/.local/lib/python3.10/site-packages/sklearn/metrics/_classification.py:1561: UserWarning: Note that pos_label (set to 'Iris-virginica') is ignored when average != 'binary' (got 'weighted'). You may use labels=[pos_label] to specify a single positive class.
  warnings.warn(

2025-11-03 18:44:41,384:WARNING:/home/agentr2404/.local/lib/python3.10/site-packages/sklearn/metrics/_classification.py:1561: UserWarning: Note that pos_label (set to 'Iris-virginica') is ignored when average != 'binary' (got 'weighted'). You may use labels=[pos_label] to specify a single positive class.
  warnings.warn(

2025-11-03 18:44:41,419:WARNING:/home/agentr2404/.local/lib/python3.10/site-packages/pycaret/internal/metrics.py:204: FitFailedWarning: Metric 'make_scorer(roc_auc_score, response_method=('decision_function', 'predict_proba'), average=weighted, multi_class=ovr)' failed and error score 0.0 has been returned instead. If this is a custom metric, this usually means that the error is in the metric code. Full exception below:
Traceback (most recent call last):
  File "/home/agentr2404/.local/lib/python3.10/site-packages/pycaret/internal/metrics.py", line 196, in _score
    return super()._score(
  File "/home/agentr2404/.local/lib/python3.10/site-packages/sklearn/metrics/_scorer.py", line 350, in _score
    return self._sign * self._score_func(y_true, y_pred, **scoring_kwargs)
  File "/home/agentr2404/.local/lib/python3.10/site-packages/pycaret/internal/metrics.py", line 144, in __call__
    return self.score_func(y_true, y_pred, **kwargs)
  File "/home/agentr2404/.local/lib/python3.10/site-packages/sklearn/utils/_param_validation.py", line 213, in wrapper
    return func(*args, **kwargs)
  File "/home/agentr2404/.local/lib/python3.10/site-packages/sklearn/metrics/_ranking.py", line 634, in roc_auc_score
    return _multiclass_roc_auc_score(
  File "/home/agentr2404/.local/lib/python3.10/site-packages/sklearn/metrics/_ranking.py", line 707, in _multiclass_roc_auc_score
    raise ValueError(
ValueError: Target scores need to be probabilities for multiclass roc_auc, i.e. they should sum up to 1.0 over classes

  warnings.warn(

2025-11-03 18:44:41,422:WARNING:/home/agentr2404/.local/lib/python3.10/site-packages/sklearn/metrics/_classification.py:1561: UserWarning: Note that pos_label (set to 'Iris-virginica') is ignored when average != 'binary' (got 'weighted'). You may use labels=[pos_label] to specify a single positive class.
  warnings.warn(

2025-11-03 18:44:41,428:WARNING:/home/agentr2404/.local/lib/python3.10/site-packages/pycaret/internal/metrics.py:204: FitFailedWarning: Metric 'make_scorer(roc_auc_score, response_method=('decision_function', 'predict_proba'), average=weighted, multi_class=ovr)' failed and error score 0.0 has been returned instead. If this is a custom metric, this usually means that the error is in the metric code. Full exception below:
Traceback (most recent call last):
  File "/home/agentr2404/.local/lib/python3.10/site-packages/pycaret/internal/metrics.py", line 196, in _score
    return super()._score(
  File "/home/agentr2404/.local/lib/python3.10/site-packages/sklearn/metrics/_scorer.py", line 350, in _score
    return self._sign * self._score_func(y_true, y_pred, **scoring_kwargs)
  File "/home/agentr2404/.local/lib/python3.10/site-packages/pycaret/internal/metrics.py", line 144, in __call__
    return self.score_func(y_true, y_pred, **kwargs)
  File "/home/agentr2404/.local/lib/python3.10/site-packages/sklearn/utils/_param_validation.py", line 213, in wrapper
    return func(*args, **kwargs)
  File "/home/agentr2404/.local/lib/python3.10/site-packages/sklearn/metrics/_ranking.py", line 634, in roc_auc_score
    return _multiclass_roc_auc_score(
  File "/home/agentr2404/.local/lib/python3.10/site-packages/sklearn/metrics/_ranking.py", line 707, in _multiclass_roc_auc_score
    raise ValueError(
ValueError: Target scores need to be probabilities for multiclass roc_auc, i.e. they should sum up to 1.0 over classes

  warnings.warn(

2025-11-03 18:44:41,428:WARNING:/home/agentr2404/.local/lib/python3.10/site-packages/sklearn/metrics/_classification.py:1561: UserWarning: Note that pos_label (set to 'Iris-virginica') is ignored when average != 'binary' (got 'weighted'). You may use labels=[pos_label] to specify a single positive class.
  warnings.warn(

2025-11-03 18:44:41,431:WARNING:/home/agentr2404/.local/lib/python3.10/site-packages/sklearn/metrics/_classification.py:1561: UserWarning: Note that pos_label (set to 'Iris-virginica') is ignored when average != 'binary' (got 'weighted'). You may use labels=[pos_label] to specify a single positive class.
  warnings.warn(

2025-11-03 18:44:41,434:WARNING:/home/agentr2404/.local/lib/python3.10/site-packages/sklearn/metrics/_classification.py:1561: UserWarning: Note that pos_label (set to 'Iris-virginica') is ignored when average != 'binary' (got 'weighted'). You may use labels=[pos_label] to specify a single positive class.
  warnings.warn(

2025-11-03 18:44:41,437:WARNING:/home/agentr2404/.local/lib/python3.10/site-packages/sklearn/metrics/_classification.py:1561: UserWarning: Note that pos_label (set to 'Iris-virginica') is ignored when average != 'binary' (got 'weighted'). You may use labels=[pos_label] to specify a single positive class.
  warnings.warn(

2025-11-03 18:44:41,443:WARNING:/home/agentr2404/.local/lib/python3.10/site-packages/sklearn/metrics/_classification.py:1561: UserWarning: Note that pos_label (set to 'Iris-virginica') is ignored when average != 'binary' (got 'weighted'). You may use labels=[pos_label] to specify a single positive class.
  warnings.warn(

2025-11-03 18:44:41,483:WARNING:/home/agentr2404/.local/lib/python3.10/site-packages/pycaret/internal/metrics.py:204: FitFailedWarning: Metric 'make_scorer(roc_auc_score, response_method=('decision_function', 'predict_proba'), average=weighted, multi_class=ovr)' failed and error score 0.0 has been returned instead. If this is a custom metric, this usually means that the error is in the metric code. Full exception below:
Traceback (most recent call last):
  File "/home/agentr2404/.local/lib/python3.10/site-packages/pycaret/internal/metrics.py", line 196, in _score
    return super()._score(
  File "/home/agentr2404/.local/lib/python3.10/site-packages/sklearn/metrics/_scorer.py", line 350, in _score
    return self._sign * self._score_func(y_true, y_pred, **scoring_kwargs)
  File "/home/agentr2404/.local/lib/python3.10/site-packages/pycaret/internal/metrics.py", line 144, in __call__
    return self.score_func(y_true, y_pred, **kwargs)
  File "/home/agentr2404/.local/lib/python3.10/site-packages/sklearn/utils/_param_validation.py", line 213, in wrapper
    return func(*args, **kwargs)
  File "/home/agentr2404/.local/lib/python3.10/site-packages/sklearn/metrics/_ranking.py", line 634, in roc_auc_score
    return _multiclass_roc_auc_score(
  File "/home/agentr2404/.local/lib/python3.10/site-packages/sklearn/metrics/_ranking.py", line 707, in _multiclass_roc_auc_score
    raise ValueError(
ValueError: Target scores need to be probabilities for multiclass roc_auc, i.e. they should sum up to 1.0 over classes

  warnings.warn(

2025-11-03 18:44:41,486:WARNING:/home/agentr2404/.local/lib/python3.10/site-packages/sklearn/metrics/_classification.py:1561: UserWarning: Note that pos_label (set to 'Iris-virginica') is ignored when average != 'binary' (got 'weighted'). You may use labels=[pos_label] to specify a single positive class.
  warnings.warn(

2025-11-03 18:44:41,492:WARNING:/home/agentr2404/.local/lib/python3.10/site-packages/pycaret/internal/metrics.py:204: FitFailedWarning: Metric 'make_scorer(roc_auc_score, response_method=('decision_function', 'predict_proba'), average=weighted, multi_class=ovr)' failed and error score 0.0 has been returned instead. If this is a custom metric, this usually means that the error is in the metric code. Full exception below:
Traceback (most recent call last):
  File "/home/agentr2404/.local/lib/python3.10/site-packages/pycaret/internal/metrics.py", line 196, in _score
    return super()._score(
  File "/home/agentr2404/.local/lib/python3.10/site-packages/sklearn/metrics/_scorer.py", line 350, in _score
    return self._sign * self._score_func(y_true, y_pred, **scoring_kwargs)
  File "/home/agentr2404/.local/lib/python3.10/site-packages/pycaret/internal/metrics.py", line 144, in __call__
    return self.score_func(y_true, y_pred, **kwargs)
  File "/home/agentr2404/.local/lib/python3.10/site-packages/sklearn/utils/_param_validation.py", line 213, in wrapper
    return func(*args, **kwargs)
  File "/home/agentr2404/.local/lib/python3.10/site-packages/sklearn/metrics/_ranking.py", line 634, in roc_auc_score
    return _multiclass_roc_auc_score(
  File "/home/agentr2404/.local/lib/python3.10/site-packages/sklearn/metrics/_ranking.py", line 707, in _multiclass_roc_auc_score
    raise ValueError(
ValueError: Target scores need to be probabilities for multiclass roc_auc, i.e. they should sum up to 1.0 over classes

  warnings.warn(

2025-11-03 18:44:41,493:WARNING:/home/agentr2404/.local/lib/python3.10/site-packages/sklearn/metrics/_classification.py:1561: UserWarning: Note that pos_label (set to 'Iris-virginica') is ignored when average != 'binary' (got 'weighted'). You may use labels=[pos_label] to specify a single positive class.
  warnings.warn(

2025-11-03 18:44:41,496:WARNING:/home/agentr2404/.local/lib/python3.10/site-packages/sklearn/metrics/_classification.py:1561: UserWarning: Note that pos_label (set to 'Iris-virginica') is ignored when average != 'binary' (got 'weighted'). You may use labels=[pos_label] to specify a single positive class.
  warnings.warn(

2025-11-03 18:44:41,500:WARNING:/home/agentr2404/.local/lib/python3.10/site-packages/sklearn/metrics/_classification.py:1561: UserWarning: Note that pos_label (set to 'Iris-virginica') is ignored when average != 'binary' (got 'weighted'). You may use labels=[pos_label] to specify a single positive class.
  warnings.warn(

2025-11-03 18:44:41,503:WARNING:/home/agentr2404/.local/lib/python3.10/site-packages/sklearn/metrics/_classification.py:1561: UserWarning: Note that pos_label (set to 'Iris-virginica') is ignored when average != 'binary' (got 'weighted'). You may use labels=[pos_label] to specify a single positive class.
  warnings.warn(

2025-11-03 18:44:41,509:WARNING:/home/agentr2404/.local/lib/python3.10/site-packages/sklearn/metrics/_classification.py:1561: UserWarning: Note that pos_label (set to 'Iris-virginica') is ignored when average != 'binary' (got 'weighted'). You may use labels=[pos_label] to specify a single positive class.
  warnings.warn(

2025-11-03 18:44:41,526:INFO:Calculating mean and std
2025-11-03 18:44:41,527:INFO:Creating metrics dataframe
2025-11-03 18:44:41,530:INFO:Uploading results into container
2025-11-03 18:44:41,531:INFO:Uploading model into container now
2025-11-03 18:44:41,531:INFO:_master_model_container: 8
2025-11-03 18:44:41,531:INFO:_display_container: 2
2025-11-03 18:44:41,532:INFO:QuadraticDiscriminantAnalysis(priors=None, reg_param=0.0,
                              store_covariance=False, tol=0.0001)
2025-11-03 18:44:41,532:INFO:create_model() successfully completed......................................
2025-11-03 18:44:41,644:INFO:SubProcess create_model() end ==================================
2025-11-03 18:44:41,644:INFO:Creating metrics dataframe
2025-11-03 18:44:41,648:INFO:Initializing Ada Boost Classifier
2025-11-03 18:44:41,648:INFO:Total runtime is 0.159402867158254 minutes
2025-11-03 18:44:41,648:INFO:SubProcess create_model() called ==================================
2025-11-03 18:44:41,648:INFO:Initializing create_model()
2025-11-03 18:44:41,648:INFO:create_model(self=<pycaret.classification.oop.ClassificationExperiment object at 0x780dcc9fcf40>, estimator=ada, fold=StratifiedKFold(n_splits=10, random_state=None, shuffle=False), round=4, cross_validation=True, predict=True, fit_kwargs={}, groups=None, refit=False, probability_threshold=None, experiment_custom_tags=None, verbose=False, system=False, add_to_model_list=True, metrics=None, display=<pycaret.internal.display.display.CommonDisplay object at 0x780dcc7a8520>, model_only=True, return_train_score=False, error_score=0.0, kwargs={})
2025-11-03 18:44:41,648:INFO:Checking exceptions
2025-11-03 18:44:41,649:INFO:Importing libraries
2025-11-03 18:44:41,649:INFO:Copying training dataset
2025-11-03 18:44:41,652:INFO:Defining folds
2025-11-03 18:44:41,652:INFO:Declaring metric variables
2025-11-03 18:44:41,652:INFO:Importing untrained model
2025-11-03 18:44:41,653:INFO:Ada Boost Classifier Imported successfully
2025-11-03 18:44:41,653:INFO:Starting cross validation
2025-11-03 18:44:41,654:INFO:Cross validating with StratifiedKFold(n_splits=10, random_state=None, shuffle=False), n_jobs=-1
2025-11-03 18:44:41,683:WARNING:/home/agentr2404/.local/lib/python3.10/site-packages/sklearn/ensemble/_weight_boosting.py:519: FutureWarning: The SAMME.R algorithm (the default) is deprecated and will be removed in 1.6. Use the SAMME algorithm to circumvent this warning.
  warnings.warn(

2025-11-03 18:44:41,690:WARNING:/home/agentr2404/.local/lib/python3.10/site-packages/sklearn/ensemble/_weight_boosting.py:519: FutureWarning: The SAMME.R algorithm (the default) is deprecated and will be removed in 1.6. Use the SAMME algorithm to circumvent this warning.
  warnings.warn(

2025-11-03 18:44:41,890:WARNING:/home/agentr2404/.local/lib/python3.10/site-packages/pycaret/internal/metrics.py:204: FitFailedWarning: Metric 'make_scorer(roc_auc_score, response_method=('decision_function', 'predict_proba'), average=weighted, multi_class=ovr)' failed and error score 0.0 has been returned instead. If this is a custom metric, this usually means that the error is in the metric code. Full exception below:
Traceback (most recent call last):
  File "/home/agentr2404/.local/lib/python3.10/site-packages/pycaret/internal/metrics.py", line 196, in _score
    return super()._score(
  File "/home/agentr2404/.local/lib/python3.10/site-packages/sklearn/metrics/_scorer.py", line 350, in _score
    return self._sign * self._score_func(y_true, y_pred, **scoring_kwargs)
  File "/home/agentr2404/.local/lib/python3.10/site-packages/pycaret/internal/metrics.py", line 144, in __call__
    return self.score_func(y_true, y_pred, **kwargs)
  File "/home/agentr2404/.local/lib/python3.10/site-packages/sklearn/utils/_param_validation.py", line 213, in wrapper
    return func(*args, **kwargs)
  File "/home/agentr2404/.local/lib/python3.10/site-packages/sklearn/metrics/_ranking.py", line 634, in roc_auc_score
    return _multiclass_roc_auc_score(
  File "/home/agentr2404/.local/lib/python3.10/site-packages/sklearn/metrics/_ranking.py", line 707, in _multiclass_roc_auc_score
    raise ValueError(
ValueError: Target scores need to be probabilities for multiclass roc_auc, i.e. they should sum up to 1.0 over classes

  warnings.warn(

2025-11-03 18:44:41,893:WARNING:/home/agentr2404/.local/lib/python3.10/site-packages/sklearn/metrics/_classification.py:1561: UserWarning: Note that pos_label (set to 'Iris-virginica') is ignored when average != 'binary' (got 'weighted'). You may use labels=[pos_label] to specify a single positive class.
  warnings.warn(

2025-11-03 18:44:41,898:WARNING:/home/agentr2404/.local/lib/python3.10/site-packages/pycaret/internal/metrics.py:204: FitFailedWarning: Metric 'make_scorer(roc_auc_score, response_method=('decision_function', 'predict_proba'), average=weighted, multi_class=ovr)' failed and error score 0.0 has been returned instead. If this is a custom metric, this usually means that the error is in the metric code. Full exception below:
Traceback (most recent call last):
  File "/home/agentr2404/.local/lib/python3.10/site-packages/pycaret/internal/metrics.py", line 196, in _score
    return super()._score(
  File "/home/agentr2404/.local/lib/python3.10/site-packages/sklearn/metrics/_scorer.py", line 350, in _score
    return self._sign * self._score_func(y_true, y_pred, **scoring_kwargs)
  File "/home/agentr2404/.local/lib/python3.10/site-packages/pycaret/internal/metrics.py", line 144, in __call__
    return self.score_func(y_true, y_pred, **kwargs)
  File "/home/agentr2404/.local/lib/python3.10/site-packages/sklearn/utils/_param_validation.py", line 213, in wrapper
    return func(*args, **kwargs)
  File "/home/agentr2404/.local/lib/python3.10/site-packages/sklearn/metrics/_ranking.py", line 634, in roc_auc_score
    return _multiclass_roc_auc_score(
  File "/home/agentr2404/.local/lib/python3.10/site-packages/sklearn/metrics/_ranking.py", line 707, in _multiclass_roc_auc_score
    raise ValueError(
ValueError: Target scores need to be probabilities for multiclass roc_auc, i.e. they should sum up to 1.0 over classes

  warnings.warn(

2025-11-03 18:44:41,901:WARNING:/home/agentr2404/.local/lib/python3.10/site-packages/sklearn/metrics/_classification.py:1561: UserWarning: Note that pos_label (set to 'Iris-virginica') is ignored when average != 'binary' (got 'weighted'). You may use labels=[pos_label] to specify a single positive class.
  warnings.warn(

2025-11-03 18:44:41,902:WARNING:/home/agentr2404/.local/lib/python3.10/site-packages/sklearn/metrics/_classification.py:1561: UserWarning: Note that pos_label (set to 'Iris-virginica') is ignored when average != 'binary' (got 'weighted'). You may use labels=[pos_label] to specify a single positive class.
  warnings.warn(

2025-11-03 18:44:41,907:WARNING:/home/agentr2404/.local/lib/python3.10/site-packages/sklearn/metrics/_classification.py:1561: UserWarning: Note that pos_label (set to 'Iris-virginica') is ignored when average != 'binary' (got 'weighted'). You may use labels=[pos_label] to specify a single positive class.
  warnings.warn(

2025-11-03 18:44:41,908:WARNING:/home/agentr2404/.local/lib/python3.10/site-packages/sklearn/metrics/_classification.py:1561: UserWarning: Note that pos_label (set to 'Iris-virginica') is ignored when average != 'binary' (got 'weighted'). You may use labels=[pos_label] to specify a single positive class.
  warnings.warn(

2025-11-03 18:44:41,914:WARNING:/home/agentr2404/.local/lib/python3.10/site-packages/sklearn/metrics/_classification.py:1561: UserWarning: Note that pos_label (set to 'Iris-virginica') is ignored when average != 'binary' (got 'weighted'). You may use labels=[pos_label] to specify a single positive class.
  warnings.warn(

2025-11-03 18:44:41,937:WARNING:/home/agentr2404/.local/lib/python3.10/site-packages/sklearn/ensemble/_weight_boosting.py:519: FutureWarning: The SAMME.R algorithm (the default) is deprecated and will be removed in 1.6. Use the SAMME algorithm to circumvent this warning.
  warnings.warn(

2025-11-03 18:44:41,955:WARNING:/home/agentr2404/.local/lib/python3.10/site-packages/sklearn/ensemble/_weight_boosting.py:519: FutureWarning: The SAMME.R algorithm (the default) is deprecated and will be removed in 1.6. Use the SAMME algorithm to circumvent this warning.
  warnings.warn(

2025-11-03 18:44:42,153:WARNING:/home/agentr2404/.local/lib/python3.10/site-packages/pycaret/internal/metrics.py:204: FitFailedWarning: Metric 'make_scorer(roc_auc_score, response_method=('decision_function', 'predict_proba'), average=weighted, multi_class=ovr)' failed and error score 0.0 has been returned instead. If this is a custom metric, this usually means that the error is in the metric code. Full exception below:
Traceback (most recent call last):
  File "/home/agentr2404/.local/lib/python3.10/site-packages/pycaret/internal/metrics.py", line 196, in _score
    return super()._score(
  File "/home/agentr2404/.local/lib/python3.10/site-packages/sklearn/metrics/_scorer.py", line 350, in _score
    return self._sign * self._score_func(y_true, y_pred, **scoring_kwargs)
  File "/home/agentr2404/.local/lib/python3.10/site-packages/pycaret/internal/metrics.py", line 144, in __call__
    return self.score_func(y_true, y_pred, **kwargs)
  File "/home/agentr2404/.local/lib/python3.10/site-packages/sklearn/utils/_param_validation.py", line 213, in wrapper
    return func(*args, **kwargs)
  File "/home/agentr2404/.local/lib/python3.10/site-packages/sklearn/metrics/_ranking.py", line 634, in roc_auc_score
    return _multiclass_roc_auc_score(
  File "/home/agentr2404/.local/lib/python3.10/site-packages/sklearn/metrics/_ranking.py", line 707, in _multiclass_roc_auc_score
    raise ValueError(
ValueError: Target scores need to be probabilities for multiclass roc_auc, i.e. they should sum up to 1.0 over classes

  warnings.warn(

2025-11-03 18:44:42,156:WARNING:/home/agentr2404/.local/lib/python3.10/site-packages/sklearn/metrics/_classification.py:1561: UserWarning: Note that pos_label (set to 'Iris-virginica') is ignored when average != 'binary' (got 'weighted'). You may use labels=[pos_label] to specify a single positive class.
  warnings.warn(

2025-11-03 18:44:42,162:WARNING:/home/agentr2404/.local/lib/python3.10/site-packages/sklearn/metrics/_classification.py:1561: UserWarning: Note that pos_label (set to 'Iris-virginica') is ignored when average != 'binary' (got 'weighted'). You may use labels=[pos_label] to specify a single positive class.
  warnings.warn(

2025-11-03 18:44:42,168:WARNING:/home/agentr2404/.local/lib/python3.10/site-packages/sklearn/metrics/_classification.py:1561: UserWarning: Note that pos_label (set to 'Iris-virginica') is ignored when average != 'binary' (got 'weighted'). You may use labels=[pos_label] to specify a single positive class.
  warnings.warn(

2025-11-03 18:44:42,176:WARNING:/home/agentr2404/.local/lib/python3.10/site-packages/pycaret/internal/metrics.py:204: FitFailedWarning: Metric 'make_scorer(roc_auc_score, response_method=('decision_function', 'predict_proba'), average=weighted, multi_class=ovr)' failed and error score 0.0 has been returned instead. If this is a custom metric, this usually means that the error is in the metric code. Full exception below:
Traceback (most recent call last):
  File "/home/agentr2404/.local/lib/python3.10/site-packages/pycaret/internal/metrics.py", line 196, in _score
    return super()._score(
  File "/home/agentr2404/.local/lib/python3.10/site-packages/sklearn/metrics/_scorer.py", line 350, in _score
    return self._sign * self._score_func(y_true, y_pred, **scoring_kwargs)
  File "/home/agentr2404/.local/lib/python3.10/site-packages/pycaret/internal/metrics.py", line 144, in __call__
    return self.score_func(y_true, y_pred, **kwargs)
  File "/home/agentr2404/.local/lib/python3.10/site-packages/sklearn/utils/_param_validation.py", line 213, in wrapper
    return func(*args, **kwargs)
  File "/home/agentr2404/.local/lib/python3.10/site-packages/sklearn/metrics/_ranking.py", line 634, in roc_auc_score
    return _multiclass_roc_auc_score(
  File "/home/agentr2404/.local/lib/python3.10/site-packages/sklearn/metrics/_ranking.py", line 707, in _multiclass_roc_auc_score
    raise ValueError(
ValueError: Target scores need to be probabilities for multiclass roc_auc, i.e. they should sum up to 1.0 over classes

  warnings.warn(

2025-11-03 18:44:42,182:WARNING:/home/agentr2404/.local/lib/python3.10/site-packages/sklearn/metrics/_classification.py:1561: UserWarning: Note that pos_label (set to 'Iris-virginica') is ignored when average != 'binary' (got 'weighted'). You may use labels=[pos_label] to specify a single positive class.
  warnings.warn(

2025-11-03 18:44:42,193:WARNING:/home/agentr2404/.local/lib/python3.10/site-packages/sklearn/metrics/_classification.py:1561: UserWarning: Note that pos_label (set to 'Iris-virginica') is ignored when average != 'binary' (got 'weighted'). You may use labels=[pos_label] to specify a single positive class.
  warnings.warn(

2025-11-03 18:44:42,196:WARNING:/home/agentr2404/.local/lib/python3.10/site-packages/sklearn/ensemble/_weight_boosting.py:519: FutureWarning: The SAMME.R algorithm (the default) is deprecated and will be removed in 1.6. Use the SAMME algorithm to circumvent this warning.
  warnings.warn(

2025-11-03 18:44:42,199:WARNING:/home/agentr2404/.local/lib/python3.10/site-packages/sklearn/metrics/_classification.py:1561: UserWarning: Note that pos_label (set to 'Iris-virginica') is ignored when average != 'binary' (got 'weighted'). You may use labels=[pos_label] to specify a single positive class.
  warnings.warn(

2025-11-03 18:44:42,233:WARNING:/home/agentr2404/.local/lib/python3.10/site-packages/sklearn/ensemble/_weight_boosting.py:519: FutureWarning: The SAMME.R algorithm (the default) is deprecated and will be removed in 1.6. Use the SAMME algorithm to circumvent this warning.
  warnings.warn(

2025-11-03 18:44:42,408:WARNING:/home/agentr2404/.local/lib/python3.10/site-packages/pycaret/internal/metrics.py:204: FitFailedWarning: Metric 'make_scorer(roc_auc_score, response_method=('decision_function', 'predict_proba'), average=weighted, multi_class=ovr)' failed and error score 0.0 has been returned instead. If this is a custom metric, this usually means that the error is in the metric code. Full exception below:
Traceback (most recent call last):
  File "/home/agentr2404/.local/lib/python3.10/site-packages/pycaret/internal/metrics.py", line 196, in _score
    return super()._score(
  File "/home/agentr2404/.local/lib/python3.10/site-packages/sklearn/metrics/_scorer.py", line 350, in _score
    return self._sign * self._score_func(y_true, y_pred, **scoring_kwargs)
  File "/home/agentr2404/.local/lib/python3.10/site-packages/pycaret/internal/metrics.py", line 144, in __call__
    return self.score_func(y_true, y_pred, **kwargs)
  File "/home/agentr2404/.local/lib/python3.10/site-packages/sklearn/utils/_param_validation.py", line 213, in wrapper
    return func(*args, **kwargs)
  File "/home/agentr2404/.local/lib/python3.10/site-packages/sklearn/metrics/_ranking.py", line 634, in roc_auc_score
    return _multiclass_roc_auc_score(
  File "/home/agentr2404/.local/lib/python3.10/site-packages/sklearn/metrics/_ranking.py", line 707, in _multiclass_roc_auc_score
    raise ValueError(
ValueError: Target scores need to be probabilities for multiclass roc_auc, i.e. they should sum up to 1.0 over classes

  warnings.warn(

2025-11-03 18:44:42,412:WARNING:/home/agentr2404/.local/lib/python3.10/site-packages/sklearn/metrics/_classification.py:1561: UserWarning: Note that pos_label (set to 'Iris-virginica') is ignored when average != 'binary' (got 'weighted'). You may use labels=[pos_label] to specify a single positive class.
  warnings.warn(

2025-11-03 18:44:42,418:WARNING:/home/agentr2404/.local/lib/python3.10/site-packages/sklearn/metrics/_classification.py:1561: UserWarning: Note that pos_label (set to 'Iris-virginica') is ignored when average != 'binary' (got 'weighted'). You may use labels=[pos_label] to specify a single positive class.
  warnings.warn(

2025-11-03 18:44:42,424:WARNING:/home/agentr2404/.local/lib/python3.10/site-packages/sklearn/metrics/_classification.py:1561: UserWarning: Note that pos_label (set to 'Iris-virginica') is ignored when average != 'binary' (got 'weighted'). You may use labels=[pos_label] to specify a single positive class.
  warnings.warn(

2025-11-03 18:44:42,452:WARNING:/home/agentr2404/.local/lib/python3.10/site-packages/sklearn/ensemble/_weight_boosting.py:519: FutureWarning: The SAMME.R algorithm (the default) is deprecated and will be removed in 1.6. Use the SAMME algorithm to circumvent this warning.
  warnings.warn(

2025-11-03 18:44:42,455:WARNING:/home/agentr2404/.local/lib/python3.10/site-packages/pycaret/internal/metrics.py:204: FitFailedWarning: Metric 'make_scorer(roc_auc_score, response_method=('decision_function', 'predict_proba'), average=weighted, multi_class=ovr)' failed and error score 0.0 has been returned instead. If this is a custom metric, this usually means that the error is in the metric code. Full exception below:
Traceback (most recent call last):
  File "/home/agentr2404/.local/lib/python3.10/site-packages/pycaret/internal/metrics.py", line 196, in _score
    return super()._score(
  File "/home/agentr2404/.local/lib/python3.10/site-packages/sklearn/metrics/_scorer.py", line 350, in _score
    return self._sign * self._score_func(y_true, y_pred, **scoring_kwargs)
  File "/home/agentr2404/.local/lib/python3.10/site-packages/pycaret/internal/metrics.py", line 144, in __call__
    return self.score_func(y_true, y_pred, **kwargs)
  File "/home/agentr2404/.local/lib/python3.10/site-packages/sklearn/utils/_param_validation.py", line 213, in wrapper
    return func(*args, **kwargs)
  File "/home/agentr2404/.local/lib/python3.10/site-packages/sklearn/metrics/_ranking.py", line 634, in roc_auc_score
    return _multiclass_roc_auc_score(
  File "/home/agentr2404/.local/lib/python3.10/site-packages/sklearn/metrics/_ranking.py", line 707, in _multiclass_roc_auc_score
    raise ValueError(
ValueError: Target scores need to be probabilities for multiclass roc_auc, i.e. they should sum up to 1.0 over classes

  warnings.warn(

2025-11-03 18:44:42,459:WARNING:/home/agentr2404/.local/lib/python3.10/site-packages/sklearn/metrics/_classification.py:1561: UserWarning: Note that pos_label (set to 'Iris-virginica') is ignored when average != 'binary' (got 'weighted'). You may use labels=[pos_label] to specify a single positive class.
  warnings.warn(

2025-11-03 18:44:42,465:WARNING:/home/agentr2404/.local/lib/python3.10/site-packages/sklearn/metrics/_classification.py:1561: UserWarning: Note that pos_label (set to 'Iris-virginica') is ignored when average != 'binary' (got 'weighted'). You may use labels=[pos_label] to specify a single positive class.
  warnings.warn(

2025-11-03 18:44:42,472:WARNING:/home/agentr2404/.local/lib/python3.10/site-packages/sklearn/metrics/_classification.py:1561: UserWarning: Note that pos_label (set to 'Iris-virginica') is ignored when average != 'binary' (got 'weighted'). You may use labels=[pos_label] to specify a single positive class.
  warnings.warn(

2025-11-03 18:44:42,506:WARNING:/home/agentr2404/.local/lib/python3.10/site-packages/sklearn/ensemble/_weight_boosting.py:519: FutureWarning: The SAMME.R algorithm (the default) is deprecated and will be removed in 1.6. Use the SAMME algorithm to circumvent this warning.
  warnings.warn(

2025-11-03 18:44:42,682:WARNING:/home/agentr2404/.local/lib/python3.10/site-packages/pycaret/internal/metrics.py:204: FitFailedWarning: Metric 'make_scorer(roc_auc_score, response_method=('decision_function', 'predict_proba'), average=weighted, multi_class=ovr)' failed and error score 0.0 has been returned instead. If this is a custom metric, this usually means that the error is in the metric code. Full exception below:
Traceback (most recent call last):
  File "/home/agentr2404/.local/lib/python3.10/site-packages/pycaret/internal/metrics.py", line 196, in _score
    return super()._score(
  File "/home/agentr2404/.local/lib/python3.10/site-packages/sklearn/metrics/_scorer.py", line 350, in _score
    return self._sign * self._score_func(y_true, y_pred, **scoring_kwargs)
  File "/home/agentr2404/.local/lib/python3.10/site-packages/pycaret/internal/metrics.py", line 144, in __call__
    return self.score_func(y_true, y_pred, **kwargs)
  File "/home/agentr2404/.local/lib/python3.10/site-packages/sklearn/utils/_param_validation.py", line 213, in wrapper
    return func(*args, **kwargs)
  File "/home/agentr2404/.local/lib/python3.10/site-packages/sklearn/metrics/_ranking.py", line 634, in roc_auc_score
    return _multiclass_roc_auc_score(
  File "/home/agentr2404/.local/lib/python3.10/site-packages/sklearn/metrics/_ranking.py", line 707, in _multiclass_roc_auc_score
    raise ValueError(
ValueError: Target scores need to be probabilities for multiclass roc_auc, i.e. they should sum up to 1.0 over classes

  warnings.warn(

2025-11-03 18:44:42,685:WARNING:/home/agentr2404/.local/lib/python3.10/site-packages/sklearn/metrics/_classification.py:1561: UserWarning: Note that pos_label (set to 'Iris-virginica') is ignored when average != 'binary' (got 'weighted'). You may use labels=[pos_label] to specify a single positive class.
  warnings.warn(

2025-11-03 18:44:42,691:WARNING:/home/agentr2404/.local/lib/python3.10/site-packages/sklearn/metrics/_classification.py:1561: UserWarning: Note that pos_label (set to 'Iris-virginica') is ignored when average != 'binary' (got 'weighted'). You may use labels=[pos_label] to specify a single positive class.
  warnings.warn(

2025-11-03 18:44:42,697:WARNING:/home/agentr2404/.local/lib/python3.10/site-packages/sklearn/metrics/_classification.py:1561: UserWarning: Note that pos_label (set to 'Iris-virginica') is ignored when average != 'binary' (got 'weighted'). You may use labels=[pos_label] to specify a single positive class.
  warnings.warn(

2025-11-03 18:44:42,729:WARNING:/home/agentr2404/.local/lib/python3.10/site-packages/sklearn/ensemble/_weight_boosting.py:519: FutureWarning: The SAMME.R algorithm (the default) is deprecated and will be removed in 1.6. Use the SAMME algorithm to circumvent this warning.
  warnings.warn(

2025-11-03 18:44:42,741:WARNING:/home/agentr2404/.local/lib/python3.10/site-packages/pycaret/internal/metrics.py:204: FitFailedWarning: Metric 'make_scorer(roc_auc_score, response_method=('decision_function', 'predict_proba'), average=weighted, multi_class=ovr)' failed and error score 0.0 has been returned instead. If this is a custom metric, this usually means that the error is in the metric code. Full exception below:
Traceback (most recent call last):
  File "/home/agentr2404/.local/lib/python3.10/site-packages/pycaret/internal/metrics.py", line 196, in _score
    return super()._score(
  File "/home/agentr2404/.local/lib/python3.10/site-packages/sklearn/metrics/_scorer.py", line 350, in _score
    return self._sign * self._score_func(y_true, y_pred, **scoring_kwargs)
  File "/home/agentr2404/.local/lib/python3.10/site-packages/pycaret/internal/metrics.py", line 144, in __call__
    return self.score_func(y_true, y_pred, **kwargs)
  File "/home/agentr2404/.local/lib/python3.10/site-packages/sklearn/utils/_param_validation.py", line 213, in wrapper
    return func(*args, **kwargs)
  File "/home/agentr2404/.local/lib/python3.10/site-packages/sklearn/metrics/_ranking.py", line 634, in roc_auc_score
    return _multiclass_roc_auc_score(
  File "/home/agentr2404/.local/lib/python3.10/site-packages/sklearn/metrics/_ranking.py", line 707, in _multiclass_roc_auc_score
    raise ValueError(
ValueError: Target scores need to be probabilities for multiclass roc_auc, i.e. they should sum up to 1.0 over classes

  warnings.warn(

2025-11-03 18:44:42,745:WARNING:/home/agentr2404/.local/lib/python3.10/site-packages/sklearn/metrics/_classification.py:1561: UserWarning: Note that pos_label (set to 'Iris-virginica') is ignored when average != 'binary' (got 'weighted'). You may use labels=[pos_label] to specify a single positive class.
  warnings.warn(

2025-11-03 18:44:42,751:WARNING:/home/agentr2404/.local/lib/python3.10/site-packages/sklearn/metrics/_classification.py:1561: UserWarning: Note that pos_label (set to 'Iris-virginica') is ignored when average != 'binary' (got 'weighted'). You may use labels=[pos_label] to specify a single positive class.
  warnings.warn(

2025-11-03 18:44:42,757:WARNING:/home/agentr2404/.local/lib/python3.10/site-packages/sklearn/metrics/_classification.py:1561: UserWarning: Note that pos_label (set to 'Iris-virginica') is ignored when average != 'binary' (got 'weighted'). You may use labels=[pos_label] to specify a single positive class.
  warnings.warn(

2025-11-03 18:44:42,787:WARNING:/home/agentr2404/.local/lib/python3.10/site-packages/sklearn/ensemble/_weight_boosting.py:519: FutureWarning: The SAMME.R algorithm (the default) is deprecated and will be removed in 1.6. Use the SAMME algorithm to circumvent this warning.
  warnings.warn(

2025-11-03 18:44:42,938:WARNING:/home/agentr2404/.local/lib/python3.10/site-packages/pycaret/internal/metrics.py:204: FitFailedWarning: Metric 'make_scorer(roc_auc_score, response_method=('decision_function', 'predict_proba'), average=weighted, multi_class=ovr)' failed and error score 0.0 has been returned instead. If this is a custom metric, this usually means that the error is in the metric code. Full exception below:
Traceback (most recent call last):
  File "/home/agentr2404/.local/lib/python3.10/site-packages/pycaret/internal/metrics.py", line 196, in _score
    return super()._score(
  File "/home/agentr2404/.local/lib/python3.10/site-packages/sklearn/metrics/_scorer.py", line 350, in _score
    return self._sign * self._score_func(y_true, y_pred, **scoring_kwargs)
  File "/home/agentr2404/.local/lib/python3.10/site-packages/pycaret/internal/metrics.py", line 144, in __call__
    return self.score_func(y_true, y_pred, **kwargs)
  File "/home/agentr2404/.local/lib/python3.10/site-packages/sklearn/utils/_param_validation.py", line 213, in wrapper
    return func(*args, **kwargs)
  File "/home/agentr2404/.local/lib/python3.10/site-packages/sklearn/metrics/_ranking.py", line 634, in roc_auc_score
    return _multiclass_roc_auc_score(
  File "/home/agentr2404/.local/lib/python3.10/site-packages/sklearn/metrics/_ranking.py", line 707, in _multiclass_roc_auc_score
    raise ValueError(
ValueError: Target scores need to be probabilities for multiclass roc_auc, i.e. they should sum up to 1.0 over classes

  warnings.warn(

2025-11-03 18:44:42,941:WARNING:/home/agentr2404/.local/lib/python3.10/site-packages/sklearn/metrics/_classification.py:1561: UserWarning: Note that pos_label (set to 'Iris-virginica') is ignored when average != 'binary' (got 'weighted'). You may use labels=[pos_label] to specify a single positive class.
  warnings.warn(

2025-11-03 18:44:42,947:WARNING:/home/agentr2404/.local/lib/python3.10/site-packages/sklearn/metrics/_classification.py:1561: UserWarning: Note that pos_label (set to 'Iris-virginica') is ignored when average != 'binary' (got 'weighted'). You may use labels=[pos_label] to specify a single positive class.
  warnings.warn(

2025-11-03 18:44:42,953:WARNING:/home/agentr2404/.local/lib/python3.10/site-packages/sklearn/metrics/_classification.py:1561: UserWarning: Note that pos_label (set to 'Iris-virginica') is ignored when average != 'binary' (got 'weighted'). You may use labels=[pos_label] to specify a single positive class.
  warnings.warn(

2025-11-03 18:44:42,983:WARNING:/home/agentr2404/.local/lib/python3.10/site-packages/pycaret/internal/metrics.py:204: FitFailedWarning: Metric 'make_scorer(roc_auc_score, response_method=('decision_function', 'predict_proba'), average=weighted, multi_class=ovr)' failed and error score 0.0 has been returned instead. If this is a custom metric, this usually means that the error is in the metric code. Full exception below:
Traceback (most recent call last):
  File "/home/agentr2404/.local/lib/python3.10/site-packages/pycaret/internal/metrics.py", line 196, in _score
    return super()._score(
  File "/home/agentr2404/.local/lib/python3.10/site-packages/sklearn/metrics/_scorer.py", line 350, in _score
    return self._sign * self._score_func(y_true, y_pred, **scoring_kwargs)
  File "/home/agentr2404/.local/lib/python3.10/site-packages/pycaret/internal/metrics.py", line 144, in __call__
    return self.score_func(y_true, y_pred, **kwargs)
  File "/home/agentr2404/.local/lib/python3.10/site-packages/sklearn/utils/_param_validation.py", line 213, in wrapper
    return func(*args, **kwargs)
  File "/home/agentr2404/.local/lib/python3.10/site-packages/sklearn/metrics/_ranking.py", line 634, in roc_auc_score
    return _multiclass_roc_auc_score(
  File "/home/agentr2404/.local/lib/python3.10/site-packages/sklearn/metrics/_ranking.py", line 707, in _multiclass_roc_auc_score
    raise ValueError(
ValueError: Target scores need to be probabilities for multiclass roc_auc, i.e. they should sum up to 1.0 over classes

  warnings.warn(

2025-11-03 18:44:42,985:WARNING:/home/agentr2404/.local/lib/python3.10/site-packages/sklearn/metrics/_classification.py:1561: UserWarning: Note that pos_label (set to 'Iris-virginica') is ignored when average != 'binary' (got 'weighted'). You may use labels=[pos_label] to specify a single positive class.
  warnings.warn(

2025-11-03 18:44:42,988:WARNING:/home/agentr2404/.local/lib/python3.10/site-packages/sklearn/metrics/_classification.py:1561: UserWarning: Note that pos_label (set to 'Iris-virginica') is ignored when average != 'binary' (got 'weighted'). You may use labels=[pos_label] to specify a single positive class.
  warnings.warn(

2025-11-03 18:44:42,991:WARNING:/home/agentr2404/.local/lib/python3.10/site-packages/sklearn/metrics/_classification.py:1561: UserWarning: Note that pos_label (set to 'Iris-virginica') is ignored when average != 'binary' (got 'weighted'). You may use labels=[pos_label] to specify a single positive class.
  warnings.warn(

2025-11-03 18:44:43,003:INFO:Calculating mean and std
2025-11-03 18:44:43,004:INFO:Creating metrics dataframe
2025-11-03 18:44:43,007:INFO:Uploading results into container
2025-11-03 18:44:43,007:INFO:Uploading model into container now
2025-11-03 18:44:43,008:INFO:_master_model_container: 9
2025-11-03 18:44:43,008:INFO:_display_container: 2
2025-11-03 18:44:43,008:INFO:AdaBoostClassifier(algorithm='SAMME.R', estimator=None, learning_rate=1.0,
                   n_estimators=50, random_state=42)
2025-11-03 18:44:43,008:INFO:create_model() successfully completed......................................
2025-11-03 18:44:43,122:INFO:SubProcess create_model() end ==================================
2025-11-03 18:44:43,122:INFO:Creating metrics dataframe
2025-11-03 18:44:43,126:INFO:Initializing Gradient Boosting Classifier
2025-11-03 18:44:43,126:INFO:Total runtime is 0.18404109080632527 minutes
2025-11-03 18:44:43,126:INFO:SubProcess create_model() called ==================================
2025-11-03 18:44:43,127:INFO:Initializing create_model()
2025-11-03 18:44:43,127:INFO:create_model(self=<pycaret.classification.oop.ClassificationExperiment object at 0x780dcc9fcf40>, estimator=gbc, fold=StratifiedKFold(n_splits=10, random_state=None, shuffle=False), round=4, cross_validation=True, predict=True, fit_kwargs={}, groups=None, refit=False, probability_threshold=None, experiment_custom_tags=None, verbose=False, system=False, add_to_model_list=True, metrics=None, display=<pycaret.internal.display.display.CommonDisplay object at 0x780dcc7a8520>, model_only=True, return_train_score=False, error_score=0.0, kwargs={})
2025-11-03 18:44:43,127:INFO:Checking exceptions
2025-11-03 18:44:43,127:INFO:Importing libraries
2025-11-03 18:44:43,127:INFO:Copying training dataset
2025-11-03 18:44:43,130:INFO:Defining folds
2025-11-03 18:44:43,131:INFO:Declaring metric variables
2025-11-03 18:44:43,131:INFO:Importing untrained model
2025-11-03 18:44:43,131:INFO:Gradient Boosting Classifier Imported successfully
2025-11-03 18:44:43,132:INFO:Starting cross validation
2025-11-03 18:44:43,132:INFO:Cross validating with StratifiedKFold(n_splits=10, random_state=None, shuffle=False), n_jobs=-1
2025-11-03 18:44:43,765:WARNING:/home/agentr2404/.local/lib/python3.10/site-packages/pycaret/internal/metrics.py:204: FitFailedWarning: Metric 'make_scorer(roc_auc_score, response_method=('decision_function', 'predict_proba'), average=weighted, multi_class=ovr)' failed and error score 0.0 has been returned instead. If this is a custom metric, this usually means that the error is in the metric code. Full exception below:
Traceback (most recent call last):
  File "/home/agentr2404/.local/lib/python3.10/site-packages/pycaret/internal/metrics.py", line 196, in _score
    return super()._score(
  File "/home/agentr2404/.local/lib/python3.10/site-packages/sklearn/metrics/_scorer.py", line 350, in _score
    return self._sign * self._score_func(y_true, y_pred, **scoring_kwargs)
  File "/home/agentr2404/.local/lib/python3.10/site-packages/pycaret/internal/metrics.py", line 144, in __call__
    return self.score_func(y_true, y_pred, **kwargs)
  File "/home/agentr2404/.local/lib/python3.10/site-packages/sklearn/utils/_param_validation.py", line 213, in wrapper
    return func(*args, **kwargs)
  File "/home/agentr2404/.local/lib/python3.10/site-packages/sklearn/metrics/_ranking.py", line 634, in roc_auc_score
    return _multiclass_roc_auc_score(
  File "/home/agentr2404/.local/lib/python3.10/site-packages/sklearn/metrics/_ranking.py", line 707, in _multiclass_roc_auc_score
    raise ValueError(
ValueError: Target scores need to be probabilities for multiclass roc_auc, i.e. they should sum up to 1.0 over classes

  warnings.warn(

2025-11-03 18:44:43,769:WARNING:/home/agentr2404/.local/lib/python3.10/site-packages/sklearn/metrics/_classification.py:1561: UserWarning: Note that pos_label (set to 'Iris-virginica') is ignored when average != 'binary' (got 'weighted'). You may use labels=[pos_label] to specify a single positive class.
  warnings.warn(

2025-11-03 18:44:43,775:WARNING:/home/agentr2404/.local/lib/python3.10/site-packages/sklearn/metrics/_classification.py:1561: UserWarning: Note that pos_label (set to 'Iris-virginica') is ignored when average != 'binary' (got 'weighted'). You may use labels=[pos_label] to specify a single positive class.
  warnings.warn(

2025-11-03 18:44:43,782:WARNING:/home/agentr2404/.local/lib/python3.10/site-packages/pycaret/internal/metrics.py:204: FitFailedWarning: Metric 'make_scorer(roc_auc_score, response_method=('decision_function', 'predict_proba'), average=weighted, multi_class=ovr)' failed and error score 0.0 has been returned instead. If this is a custom metric, this usually means that the error is in the metric code. Full exception below:
Traceback (most recent call last):
  File "/home/agentr2404/.local/lib/python3.10/site-packages/pycaret/internal/metrics.py", line 196, in _score
    return super()._score(
  File "/home/agentr2404/.local/lib/python3.10/site-packages/sklearn/metrics/_scorer.py", line 350, in _score
    return self._sign * self._score_func(y_true, y_pred, **scoring_kwargs)
  File "/home/agentr2404/.local/lib/python3.10/site-packages/pycaret/internal/metrics.py", line 144, in __call__
    return self.score_func(y_true, y_pred, **kwargs)
  File "/home/agentr2404/.local/lib/python3.10/site-packages/sklearn/utils/_param_validation.py", line 213, in wrapper
    return func(*args, **kwargs)
  File "/home/agentr2404/.local/lib/python3.10/site-packages/sklearn/metrics/_ranking.py", line 634, in roc_auc_score
    return _multiclass_roc_auc_score(
  File "/home/agentr2404/.local/lib/python3.10/site-packages/sklearn/metrics/_ranking.py", line 707, in _multiclass_roc_auc_score
    raise ValueError(
ValueError: Target scores need to be probabilities for multiclass roc_auc, i.e. they should sum up to 1.0 over classes

  warnings.warn(

2025-11-03 18:44:43,782:WARNING:/home/agentr2404/.local/lib/python3.10/site-packages/sklearn/metrics/_classification.py:1561: UserWarning: Note that pos_label (set to 'Iris-virginica') is ignored when average != 'binary' (got 'weighted'). You may use labels=[pos_label] to specify a single positive class.
  warnings.warn(

2025-11-03 18:44:43,786:WARNING:/home/agentr2404/.local/lib/python3.10/site-packages/sklearn/metrics/_classification.py:1561: UserWarning: Note that pos_label (set to 'Iris-virginica') is ignored when average != 'binary' (got 'weighted'). You may use labels=[pos_label] to specify a single positive class.
  warnings.warn(

2025-11-03 18:44:43,792:WARNING:/home/agentr2404/.local/lib/python3.10/site-packages/sklearn/metrics/_classification.py:1561: UserWarning: Note that pos_label (set to 'Iris-virginica') is ignored when average != 'binary' (got 'weighted'). You may use labels=[pos_label] to specify a single positive class.
  warnings.warn(

2025-11-03 18:44:43,800:WARNING:/home/agentr2404/.local/lib/python3.10/site-packages/sklearn/metrics/_classification.py:1561: UserWarning: Note that pos_label (set to 'Iris-virginica') is ignored when average != 'binary' (got 'weighted'). You may use labels=[pos_label] to specify a single positive class.
  warnings.warn(

2025-11-03 18:44:44,428:WARNING:/home/agentr2404/.local/lib/python3.10/site-packages/pycaret/internal/metrics.py:204: FitFailedWarning: Metric 'make_scorer(roc_auc_score, response_method=('decision_function', 'predict_proba'), average=weighted, multi_class=ovr)' failed and error score 0.0 has been returned instead. If this is a custom metric, this usually means that the error is in the metric code. Full exception below:
Traceback (most recent call last):
  File "/home/agentr2404/.local/lib/python3.10/site-packages/pycaret/internal/metrics.py", line 196, in _score
    return super()._score(
  File "/home/agentr2404/.local/lib/python3.10/site-packages/sklearn/metrics/_scorer.py", line 350, in _score
    return self._sign * self._score_func(y_true, y_pred, **scoring_kwargs)
  File "/home/agentr2404/.local/lib/python3.10/site-packages/pycaret/internal/metrics.py", line 144, in __call__
    return self.score_func(y_true, y_pred, **kwargs)
  File "/home/agentr2404/.local/lib/python3.10/site-packages/sklearn/utils/_param_validation.py", line 213, in wrapper
    return func(*args, **kwargs)
  File "/home/agentr2404/.local/lib/python3.10/site-packages/sklearn/metrics/_ranking.py", line 634, in roc_auc_score
    return _multiclass_roc_auc_score(
  File "/home/agentr2404/.local/lib/python3.10/site-packages/sklearn/metrics/_ranking.py", line 707, in _multiclass_roc_auc_score
    raise ValueError(
ValueError: Target scores need to be probabilities for multiclass roc_auc, i.e. they should sum up to 1.0 over classes

  warnings.warn(

2025-11-03 18:44:44,431:WARNING:/home/agentr2404/.local/lib/python3.10/site-packages/sklearn/metrics/_classification.py:1561: UserWarning: Note that pos_label (set to 'Iris-virginica') is ignored when average != 'binary' (got 'weighted'). You may use labels=[pos_label] to specify a single positive class.
  warnings.warn(

2025-11-03 18:44:44,437:WARNING:/home/agentr2404/.local/lib/python3.10/site-packages/sklearn/metrics/_classification.py:1561: UserWarning: Note that pos_label (set to 'Iris-virginica') is ignored when average != 'binary' (got 'weighted'). You may use labels=[pos_label] to specify a single positive class.
  warnings.warn(

2025-11-03 18:44:44,438:WARNING:/home/agentr2404/.local/lib/python3.10/site-packages/pycaret/internal/metrics.py:204: FitFailedWarning: Metric 'make_scorer(roc_auc_score, response_method=('decision_function', 'predict_proba'), average=weighted, multi_class=ovr)' failed and error score 0.0 has been returned instead. If this is a custom metric, this usually means that the error is in the metric code. Full exception below:
Traceback (most recent call last):
  File "/home/agentr2404/.local/lib/python3.10/site-packages/pycaret/internal/metrics.py", line 196, in _score
    return super()._score(
  File "/home/agentr2404/.local/lib/python3.10/site-packages/sklearn/metrics/_scorer.py", line 350, in _score
    return self._sign * self._score_func(y_true, y_pred, **scoring_kwargs)
  File "/home/agentr2404/.local/lib/python3.10/site-packages/pycaret/internal/metrics.py", line 144, in __call__
    return self.score_func(y_true, y_pred, **kwargs)
  File "/home/agentr2404/.local/lib/python3.10/site-packages/sklearn/utils/_param_validation.py", line 213, in wrapper
    return func(*args, **kwargs)
  File "/home/agentr2404/.local/lib/python3.10/site-packages/sklearn/metrics/_ranking.py", line 634, in roc_auc_score
    return _multiclass_roc_auc_score(
  File "/home/agentr2404/.local/lib/python3.10/site-packages/sklearn/metrics/_ranking.py", line 707, in _multiclass_roc_auc_score
    raise ValueError(
ValueError: Target scores need to be probabilities for multiclass roc_auc, i.e. they should sum up to 1.0 over classes

  warnings.warn(

2025-11-03 18:44:44,441:WARNING:/home/agentr2404/.local/lib/python3.10/site-packages/sklearn/metrics/_classification.py:1561: UserWarning: Note that pos_label (set to 'Iris-virginica') is ignored when average != 'binary' (got 'weighted'). You may use labels=[pos_label] to specify a single positive class.
  warnings.warn(

2025-11-03 18:44:44,443:WARNING:/home/agentr2404/.local/lib/python3.10/site-packages/sklearn/metrics/_classification.py:1561: UserWarning: Note that pos_label (set to 'Iris-virginica') is ignored when average != 'binary' (got 'weighted'). You may use labels=[pos_label] to specify a single positive class.
  warnings.warn(

2025-11-03 18:44:44,447:WARNING:/home/agentr2404/.local/lib/python3.10/site-packages/sklearn/metrics/_classification.py:1561: UserWarning: Note that pos_label (set to 'Iris-virginica') is ignored when average != 'binary' (got 'weighted'). You may use labels=[pos_label] to specify a single positive class.
  warnings.warn(

2025-11-03 18:44:44,452:WARNING:/home/agentr2404/.local/lib/python3.10/site-packages/sklearn/metrics/_classification.py:1561: UserWarning: Note that pos_label (set to 'Iris-virginica') is ignored when average != 'binary' (got 'weighted'). You may use labels=[pos_label] to specify a single positive class.
  warnings.warn(

2025-11-03 18:44:45,053:WARNING:/home/agentr2404/.local/lib/python3.10/site-packages/pycaret/internal/metrics.py:204: FitFailedWarning: Metric 'make_scorer(roc_auc_score, response_method=('decision_function', 'predict_proba'), average=weighted, multi_class=ovr)' failed and error score 0.0 has been returned instead. If this is a custom metric, this usually means that the error is in the metric code. Full exception below:
Traceback (most recent call last):
  File "/home/agentr2404/.local/lib/python3.10/site-packages/pycaret/internal/metrics.py", line 196, in _score
    return super()._score(
  File "/home/agentr2404/.local/lib/python3.10/site-packages/sklearn/metrics/_scorer.py", line 350, in _score
    return self._sign * self._score_func(y_true, y_pred, **scoring_kwargs)
  File "/home/agentr2404/.local/lib/python3.10/site-packages/pycaret/internal/metrics.py", line 144, in __call__
    return self.score_func(y_true, y_pred, **kwargs)
  File "/home/agentr2404/.local/lib/python3.10/site-packages/sklearn/utils/_param_validation.py", line 213, in wrapper
    return func(*args, **kwargs)
  File "/home/agentr2404/.local/lib/python3.10/site-packages/sklearn/metrics/_ranking.py", line 634, in roc_auc_score
    return _multiclass_roc_auc_score(
  File "/home/agentr2404/.local/lib/python3.10/site-packages/sklearn/metrics/_ranking.py", line 707, in _multiclass_roc_auc_score
    raise ValueError(
ValueError: Target scores need to be probabilities for multiclass roc_auc, i.e. they should sum up to 1.0 over classes

  warnings.warn(

2025-11-03 18:44:45,056:WARNING:/home/agentr2404/.local/lib/python3.10/site-packages/sklearn/metrics/_classification.py:1561: UserWarning: Note that pos_label (set to 'Iris-virginica') is ignored when average != 'binary' (got 'weighted'). You may use labels=[pos_label] to specify a single positive class.
  warnings.warn(

2025-11-03 18:44:45,061:WARNING:/home/agentr2404/.local/lib/python3.10/site-packages/sklearn/metrics/_classification.py:1561: UserWarning: Note that pos_label (set to 'Iris-virginica') is ignored when average != 'binary' (got 'weighted'). You may use labels=[pos_label] to specify a single positive class.
  warnings.warn(

2025-11-03 18:44:45,067:WARNING:/home/agentr2404/.local/lib/python3.10/site-packages/sklearn/metrics/_classification.py:1561: UserWarning: Note that pos_label (set to 'Iris-virginica') is ignored when average != 'binary' (got 'weighted'). You may use labels=[pos_label] to specify a single positive class.
  warnings.warn(

2025-11-03 18:44:45,073:WARNING:/home/agentr2404/.local/lib/python3.10/site-packages/pycaret/internal/metrics.py:204: FitFailedWarning: Metric 'make_scorer(roc_auc_score, response_method=('decision_function', 'predict_proba'), average=weighted, multi_class=ovr)' failed and error score 0.0 has been returned instead. If this is a custom metric, this usually means that the error is in the metric code. Full exception below:
Traceback (most recent call last):
  File "/home/agentr2404/.local/lib/python3.10/site-packages/pycaret/internal/metrics.py", line 196, in _score
    return super()._score(
  File "/home/agentr2404/.local/lib/python3.10/site-packages/sklearn/metrics/_scorer.py", line 350, in _score
    return self._sign * self._score_func(y_true, y_pred, **scoring_kwargs)
  File "/home/agentr2404/.local/lib/python3.10/site-packages/pycaret/internal/metrics.py", line 144, in __call__
    return self.score_func(y_true, y_pred, **kwargs)
  File "/home/agentr2404/.local/lib/python3.10/site-packages/sklearn/utils/_param_validation.py", line 213, in wrapper
    return func(*args, **kwargs)
  File "/home/agentr2404/.local/lib/python3.10/site-packages/sklearn/metrics/_ranking.py", line 634, in roc_auc_score
    return _multiclass_roc_auc_score(
  File "/home/agentr2404/.local/lib/python3.10/site-packages/sklearn/metrics/_ranking.py", line 707, in _multiclass_roc_auc_score
    raise ValueError(
ValueError: Target scores need to be probabilities for multiclass roc_auc, i.e. they should sum up to 1.0 over classes

  warnings.warn(

2025-11-03 18:44:45,079:WARNING:/home/agentr2404/.local/lib/python3.10/site-packages/sklearn/metrics/_classification.py:1561: UserWarning: Note that pos_label (set to 'Iris-virginica') is ignored when average != 'binary' (got 'weighted'). You may use labels=[pos_label] to specify a single positive class.
  warnings.warn(

2025-11-03 18:44:45,088:WARNING:/home/agentr2404/.local/lib/python3.10/site-packages/sklearn/metrics/_classification.py:1561: UserWarning: Note that pos_label (set to 'Iris-virginica') is ignored when average != 'binary' (got 'weighted'). You may use labels=[pos_label] to specify a single positive class.
  warnings.warn(

2025-11-03 18:44:45,094:WARNING:/home/agentr2404/.local/lib/python3.10/site-packages/sklearn/metrics/_classification.py:1561: UserWarning: Note that pos_label (set to 'Iris-virginica') is ignored when average != 'binary' (got 'weighted'). You may use labels=[pos_label] to specify a single positive class.
  warnings.warn(

2025-11-03 18:44:45,725:WARNING:/home/agentr2404/.local/lib/python3.10/site-packages/pycaret/internal/metrics.py:204: FitFailedWarning: Metric 'make_scorer(roc_auc_score, response_method=('decision_function', 'predict_proba'), average=weighted, multi_class=ovr)' failed and error score 0.0 has been returned instead. If this is a custom metric, this usually means that the error is in the metric code. Full exception below:
Traceback (most recent call last):
  File "/home/agentr2404/.local/lib/python3.10/site-packages/pycaret/internal/metrics.py", line 196, in _score
    return super()._score(
  File "/home/agentr2404/.local/lib/python3.10/site-packages/sklearn/metrics/_scorer.py", line 350, in _score
    return self._sign * self._score_func(y_true, y_pred, **scoring_kwargs)
  File "/home/agentr2404/.local/lib/python3.10/site-packages/pycaret/internal/metrics.py", line 144, in __call__
    return self.score_func(y_true, y_pred, **kwargs)
  File "/home/agentr2404/.local/lib/python3.10/site-packages/sklearn/utils/_param_validation.py", line 213, in wrapper
    return func(*args, **kwargs)
  File "/home/agentr2404/.local/lib/python3.10/site-packages/sklearn/metrics/_ranking.py", line 634, in roc_auc_score
    return _multiclass_roc_auc_score(
  File "/home/agentr2404/.local/lib/python3.10/site-packages/sklearn/metrics/_ranking.py", line 707, in _multiclass_roc_auc_score
    raise ValueError(
ValueError: Target scores need to be probabilities for multiclass roc_auc, i.e. they should sum up to 1.0 over classes

  warnings.warn(

2025-11-03 18:44:45,728:WARNING:/home/agentr2404/.local/lib/python3.10/site-packages/sklearn/metrics/_classification.py:1561: UserWarning: Note that pos_label (set to 'Iris-virginica') is ignored when average != 'binary' (got 'weighted'). You may use labels=[pos_label] to specify a single positive class.
  warnings.warn(

2025-11-03 18:44:45,730:WARNING:/home/agentr2404/.local/lib/python3.10/site-packages/pycaret/internal/metrics.py:204: FitFailedWarning: Metric 'make_scorer(roc_auc_score, response_method=('decision_function', 'predict_proba'), average=weighted, multi_class=ovr)' failed and error score 0.0 has been returned instead. If this is a custom metric, this usually means that the error is in the metric code. Full exception below:
Traceback (most recent call last):
  File "/home/agentr2404/.local/lib/python3.10/site-packages/pycaret/internal/metrics.py", line 196, in _score
    return super()._score(
  File "/home/agentr2404/.local/lib/python3.10/site-packages/sklearn/metrics/_scorer.py", line 350, in _score
    return self._sign * self._score_func(y_true, y_pred, **scoring_kwargs)
  File "/home/agentr2404/.local/lib/python3.10/site-packages/pycaret/internal/metrics.py", line 144, in __call__
    return self.score_func(y_true, y_pred, **kwargs)
  File "/home/agentr2404/.local/lib/python3.10/site-packages/sklearn/utils/_param_validation.py", line 213, in wrapper
    return func(*args, **kwargs)
  File "/home/agentr2404/.local/lib/python3.10/site-packages/sklearn/metrics/_ranking.py", line 634, in roc_auc_score
    return _multiclass_roc_auc_score(
  File "/home/agentr2404/.local/lib/python3.10/site-packages/sklearn/metrics/_ranking.py", line 707, in _multiclass_roc_auc_score
    raise ValueError(
ValueError: Target scores need to be probabilities for multiclass roc_auc, i.e. they should sum up to 1.0 over classes

  warnings.warn(

2025-11-03 18:44:45,733:WARNING:/home/agentr2404/.local/lib/python3.10/site-packages/sklearn/metrics/_classification.py:1561: UserWarning: Note that pos_label (set to 'Iris-virginica') is ignored when average != 'binary' (got 'weighted'). You may use labels=[pos_label] to specify a single positive class.
  warnings.warn(

2025-11-03 18:44:45,734:WARNING:/home/agentr2404/.local/lib/python3.10/site-packages/sklearn/metrics/_classification.py:1561: UserWarning: Note that pos_label (set to 'Iris-virginica') is ignored when average != 'binary' (got 'weighted'). You may use labels=[pos_label] to specify a single positive class.
  warnings.warn(

2025-11-03 18:44:45,739:WARNING:/home/agentr2404/.local/lib/python3.10/site-packages/sklearn/metrics/_classification.py:1561: UserWarning: Note that pos_label (set to 'Iris-virginica') is ignored when average != 'binary' (got 'weighted'). You may use labels=[pos_label] to specify a single positive class.
  warnings.warn(

2025-11-03 18:44:45,739:WARNING:/home/agentr2404/.local/lib/python3.10/site-packages/sklearn/metrics/_classification.py:1561: UserWarning: Note that pos_label (set to 'Iris-virginica') is ignored when average != 'binary' (got 'weighted'). You may use labels=[pos_label] to specify a single positive class.
  warnings.warn(

2025-11-03 18:44:45,744:WARNING:/home/agentr2404/.local/lib/python3.10/site-packages/sklearn/metrics/_classification.py:1561: UserWarning: Note that pos_label (set to 'Iris-virginica') is ignored when average != 'binary' (got 'weighted'). You may use labels=[pos_label] to specify a single positive class.
  warnings.warn(

2025-11-03 18:44:46,352:WARNING:/home/agentr2404/.local/lib/python3.10/site-packages/pycaret/internal/metrics.py:204: FitFailedWarning: Metric 'make_scorer(roc_auc_score, response_method=('decision_function', 'predict_proba'), average=weighted, multi_class=ovr)' failed and error score 0.0 has been returned instead. If this is a custom metric, this usually means that the error is in the metric code. Full exception below:
Traceback (most recent call last):
  File "/home/agentr2404/.local/lib/python3.10/site-packages/pycaret/internal/metrics.py", line 196, in _score
    return super()._score(
  File "/home/agentr2404/.local/lib/python3.10/site-packages/sklearn/metrics/_scorer.py", line 350, in _score
    return self._sign * self._score_func(y_true, y_pred, **scoring_kwargs)
  File "/home/agentr2404/.local/lib/python3.10/site-packages/pycaret/internal/metrics.py", line 144, in __call__
    return self.score_func(y_true, y_pred, **kwargs)
  File "/home/agentr2404/.local/lib/python3.10/site-packages/sklearn/utils/_param_validation.py", line 213, in wrapper
    return func(*args, **kwargs)
  File "/home/agentr2404/.local/lib/python3.10/site-packages/sklearn/metrics/_ranking.py", line 634, in roc_auc_score
    return _multiclass_roc_auc_score(
  File "/home/agentr2404/.local/lib/python3.10/site-packages/sklearn/metrics/_ranking.py", line 707, in _multiclass_roc_auc_score
    raise ValueError(
ValueError: Target scores need to be probabilities for multiclass roc_auc, i.e. they should sum up to 1.0 over classes

  warnings.warn(

2025-11-03 18:44:46,354:WARNING:/home/agentr2404/.local/lib/python3.10/site-packages/pycaret/internal/metrics.py:204: FitFailedWarning: Metric 'make_scorer(roc_auc_score, response_method=('decision_function', 'predict_proba'), average=weighted, multi_class=ovr)' failed and error score 0.0 has been returned instead. If this is a custom metric, this usually means that the error is in the metric code. Full exception below:
Traceback (most recent call last):
  File "/home/agentr2404/.local/lib/python3.10/site-packages/pycaret/internal/metrics.py", line 196, in _score
    return super()._score(
  File "/home/agentr2404/.local/lib/python3.10/site-packages/sklearn/metrics/_scorer.py", line 350, in _score
    return self._sign * self._score_func(y_true, y_pred, **scoring_kwargs)
  File "/home/agentr2404/.local/lib/python3.10/site-packages/pycaret/internal/metrics.py", line 144, in __call__
    return self.score_func(y_true, y_pred, **kwargs)
  File "/home/agentr2404/.local/lib/python3.10/site-packages/sklearn/utils/_param_validation.py", line 213, in wrapper
    return func(*args, **kwargs)
  File "/home/agentr2404/.local/lib/python3.10/site-packages/sklearn/metrics/_ranking.py", line 634, in roc_auc_score
    return _multiclass_roc_auc_score(
  File "/home/agentr2404/.local/lib/python3.10/site-packages/sklearn/metrics/_ranking.py", line 707, in _multiclass_roc_auc_score
    raise ValueError(
ValueError: Target scores need to be probabilities for multiclass roc_auc, i.e. they should sum up to 1.0 over classes

  warnings.warn(

2025-11-03 18:44:46,355:WARNING:/home/agentr2404/.local/lib/python3.10/site-packages/sklearn/metrics/_classification.py:1561: UserWarning: Note that pos_label (set to 'Iris-virginica') is ignored when average != 'binary' (got 'weighted'). You may use labels=[pos_label] to specify a single positive class.
  warnings.warn(

2025-11-03 18:44:46,359:WARNING:/home/agentr2404/.local/lib/python3.10/site-packages/sklearn/metrics/_classification.py:1561: UserWarning: Note that pos_label (set to 'Iris-virginica') is ignored when average != 'binary' (got 'weighted'). You may use labels=[pos_label] to specify a single positive class.
  warnings.warn(

2025-11-03 18:44:46,362:WARNING:/home/agentr2404/.local/lib/python3.10/site-packages/sklearn/metrics/_classification.py:1561: UserWarning: Note that pos_label (set to 'Iris-virginica') is ignored when average != 'binary' (got 'weighted'). You may use labels=[pos_label] to specify a single positive class.
  warnings.warn(

2025-11-03 18:44:46,366:WARNING:/home/agentr2404/.local/lib/python3.10/site-packages/sklearn/metrics/_classification.py:1561: UserWarning: Note that pos_label (set to 'Iris-virginica') is ignored when average != 'binary' (got 'weighted'). You may use labels=[pos_label] to specify a single positive class.
  warnings.warn(

2025-11-03 18:44:46,369:WARNING:/home/agentr2404/.local/lib/python3.10/site-packages/sklearn/metrics/_classification.py:1561: UserWarning: Note that pos_label (set to 'Iris-virginica') is ignored when average != 'binary' (got 'weighted'). You may use labels=[pos_label] to specify a single positive class.
  warnings.warn(

2025-11-03 18:44:46,372:WARNING:/home/agentr2404/.local/lib/python3.10/site-packages/sklearn/metrics/_classification.py:1561: UserWarning: Note that pos_label (set to 'Iris-virginica') is ignored when average != 'binary' (got 'weighted'). You may use labels=[pos_label] to specify a single positive class.
  warnings.warn(

2025-11-03 18:44:46,388:INFO:Calculating mean and std
2025-11-03 18:44:46,389:INFO:Creating metrics dataframe
2025-11-03 18:44:46,391:INFO:Uploading results into container
2025-11-03 18:44:46,392:INFO:Uploading model into container now
2025-11-03 18:44:46,392:INFO:_master_model_container: 10
2025-11-03 18:44:46,392:INFO:_display_container: 2
2025-11-03 18:44:46,393:INFO:GradientBoostingClassifier(ccp_alpha=0.0, criterion='friedman_mse', init=None,
                           learning_rate=0.1, loss='log_loss', max_depth=3,
                           max_features=None, max_leaf_nodes=None,
                           min_impurity_decrease=0.0, min_samples_leaf=1,
                           min_samples_split=2, min_weight_fraction_leaf=0.0,
                           n_estimators=100, n_iter_no_change=None,
                           random_state=42, subsample=1.0, tol=0.0001,
                           validation_fraction=0.1, verbose=0,
                           warm_start=False)
2025-11-03 18:44:46,393:INFO:create_model() successfully completed......................................
2025-11-03 18:44:46,476:INFO:SubProcess create_model() end ==================================
2025-11-03 18:44:46,476:INFO:Creating metrics dataframe
2025-11-03 18:44:46,479:INFO:Initializing Linear Discriminant Analysis
2025-11-03 18:44:46,479:INFO:Total runtime is 0.2399187127749125 minutes
2025-11-03 18:44:46,479:INFO:SubProcess create_model() called ==================================
2025-11-03 18:44:46,479:INFO:Initializing create_model()
2025-11-03 18:44:46,479:INFO:create_model(self=<pycaret.classification.oop.ClassificationExperiment object at 0x780dcc9fcf40>, estimator=lda, fold=StratifiedKFold(n_splits=10, random_state=None, shuffle=False), round=4, cross_validation=True, predict=True, fit_kwargs={}, groups=None, refit=False, probability_threshold=None, experiment_custom_tags=None, verbose=False, system=False, add_to_model_list=True, metrics=None, display=<pycaret.internal.display.display.CommonDisplay object at 0x780dcc7a8520>, model_only=True, return_train_score=False, error_score=0.0, kwargs={})
2025-11-03 18:44:46,479:INFO:Checking exceptions
2025-11-03 18:44:46,479:INFO:Importing libraries
2025-11-03 18:44:46,479:INFO:Copying training dataset
2025-11-03 18:44:46,482:INFO:Defining folds
2025-11-03 18:44:46,483:INFO:Declaring metric variables
2025-11-03 18:44:46,483:INFO:Importing untrained model
2025-11-03 18:44:46,483:INFO:Linear Discriminant Analysis Imported successfully
2025-11-03 18:44:46,483:INFO:Starting cross validation
2025-11-03 18:44:46,484:INFO:Cross validating with StratifiedKFold(n_splits=10, random_state=None, shuffle=False), n_jobs=-1
2025-11-03 18:44:46,539:WARNING:/home/agentr2404/.local/lib/python3.10/site-packages/pycaret/internal/metrics.py:204: FitFailedWarning: Metric 'make_scorer(roc_auc_score, response_method=('decision_function', 'predict_proba'), average=weighted, multi_class=ovr)' failed and error score 0.0 has been returned instead. If this is a custom metric, this usually means that the error is in the metric code. Full exception below:
Traceback (most recent call last):
  File "/home/agentr2404/.local/lib/python3.10/site-packages/pycaret/internal/metrics.py", line 196, in _score
    return super()._score(
  File "/home/agentr2404/.local/lib/python3.10/site-packages/sklearn/metrics/_scorer.py", line 350, in _score
    return self._sign * self._score_func(y_true, y_pred, **scoring_kwargs)
  File "/home/agentr2404/.local/lib/python3.10/site-packages/pycaret/internal/metrics.py", line 144, in __call__
    return self.score_func(y_true, y_pred, **kwargs)
  File "/home/agentr2404/.local/lib/python3.10/site-packages/sklearn/utils/_param_validation.py", line 213, in wrapper
    return func(*args, **kwargs)
  File "/home/agentr2404/.local/lib/python3.10/site-packages/sklearn/metrics/_ranking.py", line 634, in roc_auc_score
    return _multiclass_roc_auc_score(
  File "/home/agentr2404/.local/lib/python3.10/site-packages/sklearn/metrics/_ranking.py", line 707, in _multiclass_roc_auc_score
    raise ValueError(
ValueError: Target scores need to be probabilities for multiclass roc_auc, i.e. they should sum up to 1.0 over classes

  warnings.warn(

2025-11-03 18:44:46,539:WARNING:/home/agentr2404/.local/lib/python3.10/site-packages/pycaret/internal/metrics.py:204: FitFailedWarning: Metric 'make_scorer(roc_auc_score, response_method=('decision_function', 'predict_proba'), average=weighted, multi_class=ovr)' failed and error score 0.0 has been returned instead. If this is a custom metric, this usually means that the error is in the metric code. Full exception below:
Traceback (most recent call last):
  File "/home/agentr2404/.local/lib/python3.10/site-packages/pycaret/internal/metrics.py", line 196, in _score
    return super()._score(
  File "/home/agentr2404/.local/lib/python3.10/site-packages/sklearn/metrics/_scorer.py", line 350, in _score
    return self._sign * self._score_func(y_true, y_pred, **scoring_kwargs)
  File "/home/agentr2404/.local/lib/python3.10/site-packages/pycaret/internal/metrics.py", line 144, in __call__
    return self.score_func(y_true, y_pred, **kwargs)
  File "/home/agentr2404/.local/lib/python3.10/site-packages/sklearn/utils/_param_validation.py", line 213, in wrapper
    return func(*args, **kwargs)
  File "/home/agentr2404/.local/lib/python3.10/site-packages/sklearn/metrics/_ranking.py", line 634, in roc_auc_score
    return _multiclass_roc_auc_score(
  File "/home/agentr2404/.local/lib/python3.10/site-packages/sklearn/metrics/_ranking.py", line 707, in _multiclass_roc_auc_score
    raise ValueError(
ValueError: Target scores need to be probabilities for multiclass roc_auc, i.e. they should sum up to 1.0 over classes

  warnings.warn(

2025-11-03 18:44:46,543:WARNING:/home/agentr2404/.local/lib/python3.10/site-packages/sklearn/metrics/_classification.py:1561: UserWarning: Note that pos_label (set to 'Iris-virginica') is ignored when average != 'binary' (got 'weighted'). You may use labels=[pos_label] to specify a single positive class.
  warnings.warn(

2025-11-03 18:44:46,543:WARNING:/home/agentr2404/.local/lib/python3.10/site-packages/sklearn/metrics/_classification.py:1561: UserWarning: Note that pos_label (set to 'Iris-virginica') is ignored when average != 'binary' (got 'weighted'). You may use labels=[pos_label] to specify a single positive class.
  warnings.warn(

2025-11-03 18:44:46,549:WARNING:/home/agentr2404/.local/lib/python3.10/site-packages/sklearn/metrics/_classification.py:1561: UserWarning: Note that pos_label (set to 'Iris-virginica') is ignored when average != 'binary' (got 'weighted'). You may use labels=[pos_label] to specify a single positive class.
  warnings.warn(

2025-11-03 18:44:46,549:WARNING:/home/agentr2404/.local/lib/python3.10/site-packages/sklearn/metrics/_classification.py:1561: UserWarning: Note that pos_label (set to 'Iris-virginica') is ignored when average != 'binary' (got 'weighted'). You may use labels=[pos_label] to specify a single positive class.
  warnings.warn(

2025-11-03 18:44:46,555:WARNING:/home/agentr2404/.local/lib/python3.10/site-packages/sklearn/metrics/_classification.py:1561: UserWarning: Note that pos_label (set to 'Iris-virginica') is ignored when average != 'binary' (got 'weighted'). You may use labels=[pos_label] to specify a single positive class.
  warnings.warn(

2025-11-03 18:44:46,555:WARNING:/home/agentr2404/.local/lib/python3.10/site-packages/sklearn/metrics/_classification.py:1561: UserWarning: Note that pos_label (set to 'Iris-virginica') is ignored when average != 'binary' (got 'weighted'). You may use labels=[pos_label] to specify a single positive class.
  warnings.warn(

2025-11-03 18:44:46,602:WARNING:/home/agentr2404/.local/lib/python3.10/site-packages/pycaret/internal/metrics.py:204: FitFailedWarning: Metric 'make_scorer(roc_auc_score, response_method=('decision_function', 'predict_proba'), average=weighted, multi_class=ovr)' failed and error score 0.0 has been returned instead. If this is a custom metric, this usually means that the error is in the metric code. Full exception below:
Traceback (most recent call last):
  File "/home/agentr2404/.local/lib/python3.10/site-packages/pycaret/internal/metrics.py", line 196, in _score
    return super()._score(
  File "/home/agentr2404/.local/lib/python3.10/site-packages/sklearn/metrics/_scorer.py", line 350, in _score
    return self._sign * self._score_func(y_true, y_pred, **scoring_kwargs)
  File "/home/agentr2404/.local/lib/python3.10/site-packages/pycaret/internal/metrics.py", line 144, in __call__
    return self.score_func(y_true, y_pred, **kwargs)
  File "/home/agentr2404/.local/lib/python3.10/site-packages/sklearn/utils/_param_validation.py", line 213, in wrapper
    return func(*args, **kwargs)
  File "/home/agentr2404/.local/lib/python3.10/site-packages/sklearn/metrics/_ranking.py", line 634, in roc_auc_score
    return _multiclass_roc_auc_score(
  File "/home/agentr2404/.local/lib/python3.10/site-packages/sklearn/metrics/_ranking.py", line 707, in _multiclass_roc_auc_score
    raise ValueError(
ValueError: Target scores need to be probabilities for multiclass roc_auc, i.e. they should sum up to 1.0 over classes

  warnings.warn(

2025-11-03 18:44:46,605:WARNING:/home/agentr2404/.local/lib/python3.10/site-packages/sklearn/metrics/_classification.py:1561: UserWarning: Note that pos_label (set to 'Iris-virginica') is ignored when average != 'binary' (got 'weighted'). You may use labels=[pos_label] to specify a single positive class.
  warnings.warn(

2025-11-03 18:44:46,611:WARNING:/home/agentr2404/.local/lib/python3.10/site-packages/sklearn/metrics/_classification.py:1561: UserWarning: Note that pos_label (set to 'Iris-virginica') is ignored when average != 'binary' (got 'weighted'). You may use labels=[pos_label] to specify a single positive class.
  warnings.warn(

2025-11-03 18:44:46,616:WARNING:/home/agentr2404/.local/lib/python3.10/site-packages/pycaret/internal/metrics.py:204: FitFailedWarning: Metric 'make_scorer(roc_auc_score, response_method=('decision_function', 'predict_proba'), average=weighted, multi_class=ovr)' failed and error score 0.0 has been returned instead. If this is a custom metric, this usually means that the error is in the metric code. Full exception below:
Traceback (most recent call last):
  File "/home/agentr2404/.local/lib/python3.10/site-packages/pycaret/internal/metrics.py", line 196, in _score
    return super()._score(
  File "/home/agentr2404/.local/lib/python3.10/site-packages/sklearn/metrics/_scorer.py", line 350, in _score
    return self._sign * self._score_func(y_true, y_pred, **scoring_kwargs)
  File "/home/agentr2404/.local/lib/python3.10/site-packages/pycaret/internal/metrics.py", line 144, in __call__
    return self.score_func(y_true, y_pred, **kwargs)
  File "/home/agentr2404/.local/lib/python3.10/site-packages/sklearn/utils/_param_validation.py", line 213, in wrapper
    return func(*args, **kwargs)
  File "/home/agentr2404/.local/lib/python3.10/site-packages/sklearn/metrics/_ranking.py", line 634, in roc_auc_score
    return _multiclass_roc_auc_score(
  File "/home/agentr2404/.local/lib/python3.10/site-packages/sklearn/metrics/_ranking.py", line 707, in _multiclass_roc_auc_score
    raise ValueError(
ValueError: Target scores need to be probabilities for multiclass roc_auc, i.e. they should sum up to 1.0 over classes

  warnings.warn(

2025-11-03 18:44:46,617:WARNING:/home/agentr2404/.local/lib/python3.10/site-packages/sklearn/metrics/_classification.py:1561: UserWarning: Note that pos_label (set to 'Iris-virginica') is ignored when average != 'binary' (got 'weighted'). You may use labels=[pos_label] to specify a single positive class.
  warnings.warn(

2025-11-03 18:44:46,619:WARNING:/home/agentr2404/.local/lib/python3.10/site-packages/sklearn/metrics/_classification.py:1561: UserWarning: Note that pos_label (set to 'Iris-virginica') is ignored when average != 'binary' (got 'weighted'). You may use labels=[pos_label] to specify a single positive class.
  warnings.warn(

2025-11-03 18:44:46,626:WARNING:/home/agentr2404/.local/lib/python3.10/site-packages/sklearn/metrics/_classification.py:1561: UserWarning: Note that pos_label (set to 'Iris-virginica') is ignored when average != 'binary' (got 'weighted'). You may use labels=[pos_label] to specify a single positive class.
  warnings.warn(

2025-11-03 18:44:46,636:WARNING:/home/agentr2404/.local/lib/python3.10/site-packages/sklearn/metrics/_classification.py:1561: UserWarning: Note that pos_label (set to 'Iris-virginica') is ignored when average != 'binary' (got 'weighted'). You may use labels=[pos_label] to specify a single positive class.
  warnings.warn(

2025-11-03 18:44:46,667:WARNING:/home/agentr2404/.local/lib/python3.10/site-packages/pycaret/internal/metrics.py:204: FitFailedWarning: Metric 'make_scorer(roc_auc_score, response_method=('decision_function', 'predict_proba'), average=weighted, multi_class=ovr)' failed and error score 0.0 has been returned instead. If this is a custom metric, this usually means that the error is in the metric code. Full exception below:
Traceback (most recent call last):
  File "/home/agentr2404/.local/lib/python3.10/site-packages/pycaret/internal/metrics.py", line 196, in _score
    return super()._score(
  File "/home/agentr2404/.local/lib/python3.10/site-packages/sklearn/metrics/_scorer.py", line 350, in _score
    return self._sign * self._score_func(y_true, y_pred, **scoring_kwargs)
  File "/home/agentr2404/.local/lib/python3.10/site-packages/pycaret/internal/metrics.py", line 144, in __call__
    return self.score_func(y_true, y_pred, **kwargs)
  File "/home/agentr2404/.local/lib/python3.10/site-packages/sklearn/utils/_param_validation.py", line 213, in wrapper
    return func(*args, **kwargs)
  File "/home/agentr2404/.local/lib/python3.10/site-packages/sklearn/metrics/_ranking.py", line 634, in roc_auc_score
    return _multiclass_roc_auc_score(
  File "/home/agentr2404/.local/lib/python3.10/site-packages/sklearn/metrics/_ranking.py", line 707, in _multiclass_roc_auc_score
    raise ValueError(
ValueError: Target scores need to be probabilities for multiclass roc_auc, i.e. they should sum up to 1.0 over classes

  warnings.warn(

2025-11-03 18:44:46,670:WARNING:/home/agentr2404/.local/lib/python3.10/site-packages/sklearn/metrics/_classification.py:1561: UserWarning: Note that pos_label (set to 'Iris-virginica') is ignored when average != 'binary' (got 'weighted'). You may use labels=[pos_label] to specify a single positive class.
  warnings.warn(

2025-11-03 18:44:46,676:WARNING:/home/agentr2404/.local/lib/python3.10/site-packages/sklearn/metrics/_classification.py:1561: UserWarning: Note that pos_label (set to 'Iris-virginica') is ignored when average != 'binary' (got 'weighted'). You may use labels=[pos_label] to specify a single positive class.
  warnings.warn(

2025-11-03 18:44:46,682:WARNING:/home/agentr2404/.local/lib/python3.10/site-packages/sklearn/metrics/_classification.py:1561: UserWarning: Note that pos_label (set to 'Iris-virginica') is ignored when average != 'binary' (got 'weighted'). You may use labels=[pos_label] to specify a single positive class.
  warnings.warn(

2025-11-03 18:44:46,682:WARNING:/home/agentr2404/.local/lib/python3.10/site-packages/pycaret/internal/metrics.py:204: FitFailedWarning: Metric 'make_scorer(roc_auc_score, response_method=('decision_function', 'predict_proba'), average=weighted, multi_class=ovr)' failed and error score 0.0 has been returned instead. If this is a custom metric, this usually means that the error is in the metric code. Full exception below:
Traceback (most recent call last):
  File "/home/agentr2404/.local/lib/python3.10/site-packages/pycaret/internal/metrics.py", line 196, in _score
    return super()._score(
  File "/home/agentr2404/.local/lib/python3.10/site-packages/sklearn/metrics/_scorer.py", line 350, in _score
    return self._sign * self._score_func(y_true, y_pred, **scoring_kwargs)
  File "/home/agentr2404/.local/lib/python3.10/site-packages/pycaret/internal/metrics.py", line 144, in __call__
    return self.score_func(y_true, y_pred, **kwargs)
  File "/home/agentr2404/.local/lib/python3.10/site-packages/sklearn/utils/_param_validation.py", line 213, in wrapper
    return func(*args, **kwargs)
  File "/home/agentr2404/.local/lib/python3.10/site-packages/sklearn/metrics/_ranking.py", line 634, in roc_auc_score
    return _multiclass_roc_auc_score(
  File "/home/agentr2404/.local/lib/python3.10/site-packages/sklearn/metrics/_ranking.py", line 707, in _multiclass_roc_auc_score
    raise ValueError(
ValueError: Target scores need to be probabilities for multiclass roc_auc, i.e. they should sum up to 1.0 over classes

  warnings.warn(

2025-11-03 18:44:46,685:WARNING:/home/agentr2404/.local/lib/python3.10/site-packages/sklearn/metrics/_classification.py:1561: UserWarning: Note that pos_label (set to 'Iris-virginica') is ignored when average != 'binary' (got 'weighted'). You may use labels=[pos_label] to specify a single positive class.
  warnings.warn(

2025-11-03 18:44:46,692:WARNING:/home/agentr2404/.local/lib/python3.10/site-packages/sklearn/metrics/_classification.py:1561: UserWarning: Note that pos_label (set to 'Iris-virginica') is ignored when average != 'binary' (got 'weighted'). You may use labels=[pos_label] to specify a single positive class.
  warnings.warn(

2025-11-03 18:44:46,697:WARNING:/home/agentr2404/.local/lib/python3.10/site-packages/sklearn/metrics/_classification.py:1561: UserWarning: Note that pos_label (set to 'Iris-virginica') is ignored when average != 'binary' (got 'weighted'). You may use labels=[pos_label] to specify a single positive class.
  warnings.warn(

2025-11-03 18:44:46,723:WARNING:/home/agentr2404/.local/lib/python3.10/site-packages/pycaret/internal/metrics.py:204: FitFailedWarning: Metric 'make_scorer(roc_auc_score, response_method=('decision_function', 'predict_proba'), average=weighted, multi_class=ovr)' failed and error score 0.0 has been returned instead. If this is a custom metric, this usually means that the error is in the metric code. Full exception below:
Traceback (most recent call last):
  File "/home/agentr2404/.local/lib/python3.10/site-packages/pycaret/internal/metrics.py", line 196, in _score
    return super()._score(
  File "/home/agentr2404/.local/lib/python3.10/site-packages/sklearn/metrics/_scorer.py", line 350, in _score
    return self._sign * self._score_func(y_true, y_pred, **scoring_kwargs)
  File "/home/agentr2404/.local/lib/python3.10/site-packages/pycaret/internal/metrics.py", line 144, in __call__
    return self.score_func(y_true, y_pred, **kwargs)
  File "/home/agentr2404/.local/lib/python3.10/site-packages/sklearn/utils/_param_validation.py", line 213, in wrapper
    return func(*args, **kwargs)
  File "/home/agentr2404/.local/lib/python3.10/site-packages/sklearn/metrics/_ranking.py", line 634, in roc_auc_score
    return _multiclass_roc_auc_score(
  File "/home/agentr2404/.local/lib/python3.10/site-packages/sklearn/metrics/_ranking.py", line 707, in _multiclass_roc_auc_score
    raise ValueError(
ValueError: Target scores need to be probabilities for multiclass roc_auc, i.e. they should sum up to 1.0 over classes

  warnings.warn(

2025-11-03 18:44:46,726:WARNING:/home/agentr2404/.local/lib/python3.10/site-packages/sklearn/metrics/_classification.py:1561: UserWarning: Note that pos_label (set to 'Iris-virginica') is ignored when average != 'binary' (got 'weighted'). You may use labels=[pos_label] to specify a single positive class.
  warnings.warn(

2025-11-03 18:44:46,732:WARNING:/home/agentr2404/.local/lib/python3.10/site-packages/sklearn/metrics/_classification.py:1561: UserWarning: Note that pos_label (set to 'Iris-virginica') is ignored when average != 'binary' (got 'weighted'). You may use labels=[pos_label] to specify a single positive class.
  warnings.warn(

2025-11-03 18:44:46,737:WARNING:/home/agentr2404/.local/lib/python3.10/site-packages/sklearn/metrics/_classification.py:1561: UserWarning: Note that pos_label (set to 'Iris-virginica') is ignored when average != 'binary' (got 'weighted'). You may use labels=[pos_label] to specify a single positive class.
  warnings.warn(

2025-11-03 18:44:46,737:WARNING:/home/agentr2404/.local/lib/python3.10/site-packages/pycaret/internal/metrics.py:204: FitFailedWarning: Metric 'make_scorer(roc_auc_score, response_method=('decision_function', 'predict_proba'), average=weighted, multi_class=ovr)' failed and error score 0.0 has been returned instead. If this is a custom metric, this usually means that the error is in the metric code. Full exception below:
Traceback (most recent call last):
  File "/home/agentr2404/.local/lib/python3.10/site-packages/pycaret/internal/metrics.py", line 196, in _score
    return super()._score(
  File "/home/agentr2404/.local/lib/python3.10/site-packages/sklearn/metrics/_scorer.py", line 350, in _score
    return self._sign * self._score_func(y_true, y_pred, **scoring_kwargs)
  File "/home/agentr2404/.local/lib/python3.10/site-packages/pycaret/internal/metrics.py", line 144, in __call__
    return self.score_func(y_true, y_pred, **kwargs)
  File "/home/agentr2404/.local/lib/python3.10/site-packages/sklearn/utils/_param_validation.py", line 213, in wrapper
    return func(*args, **kwargs)
  File "/home/agentr2404/.local/lib/python3.10/site-packages/sklearn/metrics/_ranking.py", line 634, in roc_auc_score
    return _multiclass_roc_auc_score(
  File "/home/agentr2404/.local/lib/python3.10/site-packages/sklearn/metrics/_ranking.py", line 707, in _multiclass_roc_auc_score
    raise ValueError(
ValueError: Target scores need to be probabilities for multiclass roc_auc, i.e. they should sum up to 1.0 over classes

  warnings.warn(

2025-11-03 18:44:46,740:WARNING:/home/agentr2404/.local/lib/python3.10/site-packages/sklearn/metrics/_classification.py:1561: UserWarning: Note that pos_label (set to 'Iris-virginica') is ignored when average != 'binary' (got 'weighted'). You may use labels=[pos_label] to specify a single positive class.
  warnings.warn(

2025-11-03 18:44:46,746:WARNING:/home/agentr2404/.local/lib/python3.10/site-packages/sklearn/metrics/_classification.py:1561: UserWarning: Note that pos_label (set to 'Iris-virginica') is ignored when average != 'binary' (got 'weighted'). You may use labels=[pos_label] to specify a single positive class.
  warnings.warn(

2025-11-03 18:44:46,752:WARNING:/home/agentr2404/.local/lib/python3.10/site-packages/sklearn/metrics/_classification.py:1561: UserWarning: Note that pos_label (set to 'Iris-virginica') is ignored when average != 'binary' (got 'weighted'). You may use labels=[pos_label] to specify a single positive class.
  warnings.warn(

2025-11-03 18:44:46,779:WARNING:/home/agentr2404/.local/lib/python3.10/site-packages/pycaret/internal/metrics.py:204: FitFailedWarning: Metric 'make_scorer(roc_auc_score, response_method=('decision_function', 'predict_proba'), average=weighted, multi_class=ovr)' failed and error score 0.0 has been returned instead. If this is a custom metric, this usually means that the error is in the metric code. Full exception below:
Traceback (most recent call last):
  File "/home/agentr2404/.local/lib/python3.10/site-packages/pycaret/internal/metrics.py", line 196, in _score
    return super()._score(
  File "/home/agentr2404/.local/lib/python3.10/site-packages/sklearn/metrics/_scorer.py", line 350, in _score
    return self._sign * self._score_func(y_true, y_pred, **scoring_kwargs)
  File "/home/agentr2404/.local/lib/python3.10/site-packages/pycaret/internal/metrics.py", line 144, in __call__
    return self.score_func(y_true, y_pred, **kwargs)
  File "/home/agentr2404/.local/lib/python3.10/site-packages/sklearn/utils/_param_validation.py", line 213, in wrapper
    return func(*args, **kwargs)
  File "/home/agentr2404/.local/lib/python3.10/site-packages/sklearn/metrics/_ranking.py", line 634, in roc_auc_score
    return _multiclass_roc_auc_score(
  File "/home/agentr2404/.local/lib/python3.10/site-packages/sklearn/metrics/_ranking.py", line 707, in _multiclass_roc_auc_score
    raise ValueError(
ValueError: Target scores need to be probabilities for multiclass roc_auc, i.e. they should sum up to 1.0 over classes

  warnings.warn(

2025-11-03 18:44:46,782:WARNING:/home/agentr2404/.local/lib/python3.10/site-packages/sklearn/metrics/_classification.py:1561: UserWarning: Note that pos_label (set to 'Iris-virginica') is ignored when average != 'binary' (got 'weighted'). You may use labels=[pos_label] to specify a single positive class.
  warnings.warn(

2025-11-03 18:44:46,788:WARNING:/home/agentr2404/.local/lib/python3.10/site-packages/sklearn/metrics/_classification.py:1561: UserWarning: Note that pos_label (set to 'Iris-virginica') is ignored when average != 'binary' (got 'weighted'). You may use labels=[pos_label] to specify a single positive class.
  warnings.warn(

2025-11-03 18:44:46,793:WARNING:/home/agentr2404/.local/lib/python3.10/site-packages/sklearn/metrics/_classification.py:1561: UserWarning: Note that pos_label (set to 'Iris-virginica') is ignored when average != 'binary' (got 'weighted'). You may use labels=[pos_label] to specify a single positive class.
  warnings.warn(

2025-11-03 18:44:46,795:WARNING:/home/agentr2404/.local/lib/python3.10/site-packages/pycaret/internal/metrics.py:204: FitFailedWarning: Metric 'make_scorer(roc_auc_score, response_method=('decision_function', 'predict_proba'), average=weighted, multi_class=ovr)' failed and error score 0.0 has been returned instead. If this is a custom metric, this usually means that the error is in the metric code. Full exception below:
Traceback (most recent call last):
  File "/home/agentr2404/.local/lib/python3.10/site-packages/pycaret/internal/metrics.py", line 196, in _score
    return super()._score(
  File "/home/agentr2404/.local/lib/python3.10/site-packages/sklearn/metrics/_scorer.py", line 350, in _score
    return self._sign * self._score_func(y_true, y_pred, **scoring_kwargs)
  File "/home/agentr2404/.local/lib/python3.10/site-packages/pycaret/internal/metrics.py", line 144, in __call__
    return self.score_func(y_true, y_pred, **kwargs)
  File "/home/agentr2404/.local/lib/python3.10/site-packages/sklearn/utils/_param_validation.py", line 213, in wrapper
    return func(*args, **kwargs)
  File "/home/agentr2404/.local/lib/python3.10/site-packages/sklearn/metrics/_ranking.py", line 634, in roc_auc_score
    return _multiclass_roc_auc_score(
  File "/home/agentr2404/.local/lib/python3.10/site-packages/sklearn/metrics/_ranking.py", line 707, in _multiclass_roc_auc_score
    raise ValueError(
ValueError: Target scores need to be probabilities for multiclass roc_auc, i.e. they should sum up to 1.0 over classes

  warnings.warn(

2025-11-03 18:44:46,798:WARNING:/home/agentr2404/.local/lib/python3.10/site-packages/sklearn/metrics/_classification.py:1561: UserWarning: Note that pos_label (set to 'Iris-virginica') is ignored when average != 'binary' (got 'weighted'). You may use labels=[pos_label] to specify a single positive class.
  warnings.warn(

2025-11-03 18:44:46,803:WARNING:/home/agentr2404/.local/lib/python3.10/site-packages/sklearn/metrics/_classification.py:1561: UserWarning: Note that pos_label (set to 'Iris-virginica') is ignored when average != 'binary' (got 'weighted'). You may use labels=[pos_label] to specify a single positive class.
  warnings.warn(

2025-11-03 18:44:46,806:WARNING:/home/agentr2404/.local/lib/python3.10/site-packages/sklearn/metrics/_classification.py:1561: UserWarning: Note that pos_label (set to 'Iris-virginica') is ignored when average != 'binary' (got 'weighted'). You may use labels=[pos_label] to specify a single positive class.
  warnings.warn(

2025-11-03 18:44:46,814:INFO:Calculating mean and std
2025-11-03 18:44:46,815:INFO:Creating metrics dataframe
2025-11-03 18:44:46,817:INFO:Uploading results into container
2025-11-03 18:44:46,817:INFO:Uploading model into container now
2025-11-03 18:44:46,818:INFO:_master_model_container: 11
2025-11-03 18:44:46,818:INFO:_display_container: 2
2025-11-03 18:44:46,818:INFO:LinearDiscriminantAnalysis(covariance_estimator=None, n_components=None,
                           priors=None, shrinkage=None, solver='svd',
                           store_covariance=False, tol=0.0001)
2025-11-03 18:44:46,818:INFO:create_model() successfully completed......................................
2025-11-03 18:44:46,897:INFO:SubProcess create_model() end ==================================
2025-11-03 18:44:46,897:INFO:Creating metrics dataframe
2025-11-03 18:44:46,900:INFO:Initializing Extra Trees Classifier
2025-11-03 18:44:46,900:INFO:Total runtime is 0.2469382365544637 minutes
2025-11-03 18:44:46,900:INFO:SubProcess create_model() called ==================================
2025-11-03 18:44:46,900:INFO:Initializing create_model()
2025-11-03 18:44:46,900:INFO:create_model(self=<pycaret.classification.oop.ClassificationExperiment object at 0x780dcc9fcf40>, estimator=et, fold=StratifiedKFold(n_splits=10, random_state=None, shuffle=False), round=4, cross_validation=True, predict=True, fit_kwargs={}, groups=None, refit=False, probability_threshold=None, experiment_custom_tags=None, verbose=False, system=False, add_to_model_list=True, metrics=None, display=<pycaret.internal.display.display.CommonDisplay object at 0x780dcc7a8520>, model_only=True, return_train_score=False, error_score=0.0, kwargs={})
2025-11-03 18:44:46,901:INFO:Checking exceptions
2025-11-03 18:44:46,901:INFO:Importing libraries
2025-11-03 18:44:46,901:INFO:Copying training dataset
2025-11-03 18:44:46,904:INFO:Defining folds
2025-11-03 18:44:46,905:INFO:Declaring metric variables
2025-11-03 18:44:46,905:INFO:Importing untrained model
2025-11-03 18:44:46,905:INFO:Extra Trees Classifier Imported successfully
2025-11-03 18:44:46,905:INFO:Starting cross validation
2025-11-03 18:44:46,906:INFO:Cross validating with StratifiedKFold(n_splits=10, random_state=None, shuffle=False), n_jobs=-1
2025-11-03 18:44:47,243:WARNING:/home/agentr2404/.local/lib/python3.10/site-packages/sklearn/metrics/_classification.py:1561: UserWarning: Note that pos_label (set to 'Iris-virginica') is ignored when average != 'binary' (got 'weighted'). You may use labels=[pos_label] to specify a single positive class.
  warnings.warn(

2025-11-03 18:44:47,248:WARNING:/home/agentr2404/.local/lib/python3.10/site-packages/sklearn/metrics/_classification.py:1561: UserWarning: Note that pos_label (set to 'Iris-virginica') is ignored when average != 'binary' (got 'weighted'). You may use labels=[pos_label] to specify a single positive class.
  warnings.warn(

2025-11-03 18:44:47,255:WARNING:/home/agentr2404/.local/lib/python3.10/site-packages/sklearn/metrics/_classification.py:1561: UserWarning: Note that pos_label (set to 'Iris-virginica') is ignored when average != 'binary' (got 'weighted'). You may use labels=[pos_label] to specify a single positive class.
  warnings.warn(

2025-11-03 18:44:47,258:WARNING:/home/agentr2404/.local/lib/python3.10/site-packages/sklearn/metrics/_classification.py:1561: UserWarning: Note that pos_label (set to 'Iris-virginica') is ignored when average != 'binary' (got 'weighted'). You may use labels=[pos_label] to specify a single positive class.
  warnings.warn(

2025-11-03 18:44:47,265:WARNING:/home/agentr2404/.local/lib/python3.10/site-packages/sklearn/metrics/_classification.py:1561: UserWarning: Note that pos_label (set to 'Iris-virginica') is ignored when average != 'binary' (got 'weighted'). You may use labels=[pos_label] to specify a single positive class.
  warnings.warn(

2025-11-03 18:44:47,271:WARNING:/home/agentr2404/.local/lib/python3.10/site-packages/sklearn/metrics/_classification.py:1561: UserWarning: Note that pos_label (set to 'Iris-virginica') is ignored when average != 'binary' (got 'weighted'). You may use labels=[pos_label] to specify a single positive class.
  warnings.warn(

2025-11-03 18:44:47,612:WARNING:/home/agentr2404/.local/lib/python3.10/site-packages/sklearn/metrics/_classification.py:1561: UserWarning: Note that pos_label (set to 'Iris-virginica') is ignored when average != 'binary' (got 'weighted'). You may use labels=[pos_label] to specify a single positive class.
  warnings.warn(

2025-11-03 18:44:47,615:WARNING:/home/agentr2404/.local/lib/python3.10/site-packages/sklearn/metrics/_classification.py:1561: UserWarning: Note that pos_label (set to 'Iris-virginica') is ignored when average != 'binary' (got 'weighted'). You may use labels=[pos_label] to specify a single positive class.
  warnings.warn(

2025-11-03 18:44:47,618:WARNING:/home/agentr2404/.local/lib/python3.10/site-packages/sklearn/metrics/_classification.py:1561: UserWarning: Note that pos_label (set to 'Iris-virginica') is ignored when average != 'binary' (got 'weighted'). You may use labels=[pos_label] to specify a single positive class.
  warnings.warn(

2025-11-03 18:44:47,633:WARNING:/home/agentr2404/.local/lib/python3.10/site-packages/sklearn/metrics/_classification.py:1561: UserWarning: Note that pos_label (set to 'Iris-virginica') is ignored when average != 'binary' (got 'weighted'). You may use labels=[pos_label] to specify a single positive class.
  warnings.warn(

2025-11-03 18:44:47,642:WARNING:/home/agentr2404/.local/lib/python3.10/site-packages/sklearn/metrics/_classification.py:1561: UserWarning: Note that pos_label (set to 'Iris-virginica') is ignored when average != 'binary' (got 'weighted'). You may use labels=[pos_label] to specify a single positive class.
  warnings.warn(

2025-11-03 18:44:47,648:WARNING:/home/agentr2404/.local/lib/python3.10/site-packages/sklearn/metrics/_classification.py:1561: UserWarning: Note that pos_label (set to 'Iris-virginica') is ignored when average != 'binary' (got 'weighted'). You may use labels=[pos_label] to specify a single positive class.
  warnings.warn(

2025-11-03 18:44:47,987:WARNING:/home/agentr2404/.local/lib/python3.10/site-packages/sklearn/metrics/_classification.py:1561: UserWarning: Note that pos_label (set to 'Iris-virginica') is ignored when average != 'binary' (got 'weighted'). You may use labels=[pos_label] to specify a single positive class.
  warnings.warn(

2025-11-03 18:44:47,992:WARNING:/home/agentr2404/.local/lib/python3.10/site-packages/sklearn/metrics/_classification.py:1561: UserWarning: Note that pos_label (set to 'Iris-virginica') is ignored when average != 'binary' (got 'weighted'). You may use labels=[pos_label] to specify a single positive class.
  warnings.warn(

2025-11-03 18:44:47,996:WARNING:/home/agentr2404/.local/lib/python3.10/site-packages/sklearn/metrics/_classification.py:1561: UserWarning: Note that pos_label (set to 'Iris-virginica') is ignored when average != 'binary' (got 'weighted'). You may use labels=[pos_label] to specify a single positive class.
  warnings.warn(

2025-11-03 18:44:48,017:WARNING:/home/agentr2404/.local/lib/python3.10/site-packages/sklearn/metrics/_classification.py:1561: UserWarning: Note that pos_label (set to 'Iris-virginica') is ignored when average != 'binary' (got 'weighted'). You may use labels=[pos_label] to specify a single positive class.
  warnings.warn(

2025-11-03 18:44:48,023:WARNING:/home/agentr2404/.local/lib/python3.10/site-packages/sklearn/metrics/_classification.py:1561: UserWarning: Note that pos_label (set to 'Iris-virginica') is ignored when average != 'binary' (got 'weighted'). You may use labels=[pos_label] to specify a single positive class.
  warnings.warn(

2025-11-03 18:44:48,029:WARNING:/home/agentr2404/.local/lib/python3.10/site-packages/sklearn/metrics/_classification.py:1561: UserWarning: Note that pos_label (set to 'Iris-virginica') is ignored when average != 'binary' (got 'weighted'). You may use labels=[pos_label] to specify a single positive class.
  warnings.warn(

2025-11-03 18:44:48,344:WARNING:/home/agentr2404/.local/lib/python3.10/site-packages/sklearn/metrics/_classification.py:1561: UserWarning: Note that pos_label (set to 'Iris-virginica') is ignored when average != 'binary' (got 'weighted'). You may use labels=[pos_label] to specify a single positive class.
  warnings.warn(

2025-11-03 18:44:48,349:WARNING:/home/agentr2404/.local/lib/python3.10/site-packages/sklearn/metrics/_classification.py:1561: UserWarning: Note that pos_label (set to 'Iris-virginica') is ignored when average != 'binary' (got 'weighted'). You may use labels=[pos_label] to specify a single positive class.
  warnings.warn(

2025-11-03 18:44:48,352:WARNING:/home/agentr2404/.local/lib/python3.10/site-packages/sklearn/metrics/_classification.py:1561: UserWarning: Note that pos_label (set to 'Iris-virginica') is ignored when average != 'binary' (got 'weighted'). You may use labels=[pos_label] to specify a single positive class.
  warnings.warn(

2025-11-03 18:44:48,370:WARNING:/home/agentr2404/.local/lib/python3.10/site-packages/sklearn/metrics/_classification.py:1561: UserWarning: Note that pos_label (set to 'Iris-virginica') is ignored when average != 'binary' (got 'weighted'). You may use labels=[pos_label] to specify a single positive class.
  warnings.warn(

2025-11-03 18:44:48,376:WARNING:/home/agentr2404/.local/lib/python3.10/site-packages/sklearn/metrics/_classification.py:1561: UserWarning: Note that pos_label (set to 'Iris-virginica') is ignored when average != 'binary' (got 'weighted'). You may use labels=[pos_label] to specify a single positive class.
  warnings.warn(

2025-11-03 18:44:48,382:WARNING:/home/agentr2404/.local/lib/python3.10/site-packages/sklearn/metrics/_classification.py:1561: UserWarning: Note that pos_label (set to 'Iris-virginica') is ignored when average != 'binary' (got 'weighted'). You may use labels=[pos_label] to specify a single positive class.
  warnings.warn(

2025-11-03 18:44:48,696:WARNING:/home/agentr2404/.local/lib/python3.10/site-packages/sklearn/metrics/_classification.py:1561: UserWarning: Note that pos_label (set to 'Iris-virginica') is ignored when average != 'binary' (got 'weighted'). You may use labels=[pos_label] to specify a single positive class.
  warnings.warn(

2025-11-03 18:44:48,702:WARNING:/home/agentr2404/.local/lib/python3.10/site-packages/sklearn/metrics/_classification.py:1561: UserWarning: Note that pos_label (set to 'Iris-virginica') is ignored when average != 'binary' (got 'weighted'). You may use labels=[pos_label] to specify a single positive class.
  warnings.warn(

2025-11-03 18:44:48,708:WARNING:/home/agentr2404/.local/lib/python3.10/site-packages/sklearn/metrics/_classification.py:1561: UserWarning: Note that pos_label (set to 'Iris-virginica') is ignored when average != 'binary' (got 'weighted'). You may use labels=[pos_label] to specify a single positive class.
  warnings.warn(

2025-11-03 18:44:48,717:WARNING:/home/agentr2404/.local/lib/python3.10/site-packages/sklearn/metrics/_classification.py:1561: UserWarning: Note that pos_label (set to 'Iris-virginica') is ignored when average != 'binary' (got 'weighted'). You may use labels=[pos_label] to specify a single positive class.
  warnings.warn(

2025-11-03 18:44:48,721:WARNING:/home/agentr2404/.local/lib/python3.10/site-packages/sklearn/metrics/_classification.py:1561: UserWarning: Note that pos_label (set to 'Iris-virginica') is ignored when average != 'binary' (got 'weighted'). You may use labels=[pos_label] to specify a single positive class.
  warnings.warn(

2025-11-03 18:44:48,724:WARNING:/home/agentr2404/.local/lib/python3.10/site-packages/sklearn/metrics/_classification.py:1561: UserWarning: Note that pos_label (set to 'Iris-virginica') is ignored when average != 'binary' (got 'weighted'). You may use labels=[pos_label] to specify a single positive class.
  warnings.warn(

2025-11-03 18:44:48,737:INFO:Calculating mean and std
2025-11-03 18:44:48,738:INFO:Creating metrics dataframe
2025-11-03 18:44:48,740:INFO:Uploading results into container
2025-11-03 18:44:48,740:INFO:Uploading model into container now
2025-11-03 18:44:48,741:INFO:_master_model_container: 12
2025-11-03 18:44:48,741:INFO:_display_container: 2
2025-11-03 18:44:48,741:INFO:ExtraTreesClassifier(bootstrap=False, ccp_alpha=0.0, class_weight=None,
                     criterion='gini', max_depth=None, max_features='sqrt',
                     max_leaf_nodes=None, max_samples=None,
                     min_impurity_decrease=0.0, min_samples_leaf=1,
                     min_samples_split=2, min_weight_fraction_leaf=0.0,
                     monotonic_cst=None, n_estimators=100, n_jobs=-1,
                     oob_score=False, random_state=42, verbose=0,
                     warm_start=False)
2025-11-03 18:44:48,741:INFO:create_model() successfully completed......................................
2025-11-03 18:44:48,819:INFO:SubProcess create_model() end ==================================
2025-11-03 18:44:48,819:INFO:Creating metrics dataframe
2025-11-03 18:44:48,822:INFO:Initializing Light Gradient Boosting Machine
2025-11-03 18:44:48,823:INFO:Total runtime is 0.2789802591005961 minutes
2025-11-03 18:44:48,823:INFO:SubProcess create_model() called ==================================
2025-11-03 18:44:48,823:INFO:Initializing create_model()
2025-11-03 18:44:48,823:INFO:create_model(self=<pycaret.classification.oop.ClassificationExperiment object at 0x780dcc9fcf40>, estimator=lightgbm, fold=StratifiedKFold(n_splits=10, random_state=None, shuffle=False), round=4, cross_validation=True, predict=True, fit_kwargs={}, groups=None, refit=False, probability_threshold=None, experiment_custom_tags=None, verbose=False, system=False, add_to_model_list=True, metrics=None, display=<pycaret.internal.display.display.CommonDisplay object at 0x780dcc7a8520>, model_only=True, return_train_score=False, error_score=0.0, kwargs={})
2025-11-03 18:44:48,823:INFO:Checking exceptions
2025-11-03 18:44:48,823:INFO:Importing libraries
2025-11-03 18:44:48,823:INFO:Copying training dataset
2025-11-03 18:44:48,826:INFO:Defining folds
2025-11-03 18:44:48,826:INFO:Declaring metric variables
2025-11-03 18:44:48,826:INFO:Importing untrained model
2025-11-03 18:44:48,827:INFO:Light Gradient Boosting Machine Imported successfully
2025-11-03 18:44:48,827:INFO:Starting cross validation
2025-11-03 18:44:48,828:INFO:Cross validating with StratifiedKFold(n_splits=10, random_state=None, shuffle=False), n_jobs=-1
2025-11-03 18:44:50,612:WARNING:/home/agentr2404/.local/lib/python3.10/site-packages/sklearn/metrics/_classification.py:1561: UserWarning: Note that pos_label (set to 'Iris-virginica') is ignored when average != 'binary' (got 'weighted'). You may use labels=[pos_label] to specify a single positive class.
  warnings.warn(

2025-11-03 18:44:50,622:WARNING:/home/agentr2404/.local/lib/python3.10/site-packages/sklearn/metrics/_classification.py:1561: UserWarning: Note that pos_label (set to 'Iris-virginica') is ignored when average != 'binary' (got 'weighted'). You may use labels=[pos_label] to specify a single positive class.
  warnings.warn(

2025-11-03 18:44:50,630:WARNING:/home/agentr2404/.local/lib/python3.10/site-packages/sklearn/metrics/_classification.py:1561: UserWarning: Note that pos_label (set to 'Iris-virginica') is ignored when average != 'binary' (got 'weighted'). You may use labels=[pos_label] to specify a single positive class.
  warnings.warn(

2025-11-03 18:44:50,676:WARNING:/home/agentr2404/.local/lib/python3.10/site-packages/sklearn/metrics/_classification.py:1561: UserWarning: Note that pos_label (set to 'Iris-virginica') is ignored when average != 'binary' (got 'weighted'). You may use labels=[pos_label] to specify a single positive class.
  warnings.warn(

2025-11-03 18:44:50,680:WARNING:/home/agentr2404/.local/lib/python3.10/site-packages/sklearn/metrics/_classification.py:1561: UserWarning: Note that pos_label (set to 'Iris-virginica') is ignored when average != 'binary' (got 'weighted'). You may use labels=[pos_label] to specify a single positive class.
  warnings.warn(

2025-11-03 18:44:50,685:WARNING:/home/agentr2404/.local/lib/python3.10/site-packages/sklearn/metrics/_classification.py:1561: UserWarning: Note that pos_label (set to 'Iris-virginica') is ignored when average != 'binary' (got 'weighted'). You may use labels=[pos_label] to specify a single positive class.
  warnings.warn(

2025-11-03 18:44:50,831:WARNING:/home/agentr2404/.local/lib/python3.10/site-packages/sklearn/metrics/_classification.py:1561: UserWarning: Note that pos_label (set to 'Iris-virginica') is ignored when average != 'binary' (got 'weighted'). You may use labels=[pos_label] to specify a single positive class.
  warnings.warn(

2025-11-03 18:44:50,839:WARNING:/home/agentr2404/.local/lib/python3.10/site-packages/sklearn/metrics/_classification.py:1561: UserWarning: Note that pos_label (set to 'Iris-virginica') is ignored when average != 'binary' (got 'weighted'). You may use labels=[pos_label] to specify a single positive class.
  warnings.warn(

2025-11-03 18:44:50,848:WARNING:/home/agentr2404/.local/lib/python3.10/site-packages/sklearn/metrics/_classification.py:1561: UserWarning: Note that pos_label (set to 'Iris-virginica') is ignored when average != 'binary' (got 'weighted'). You may use labels=[pos_label] to specify a single positive class.
  warnings.warn(

2025-11-03 18:44:50,889:WARNING:/home/agentr2404/.local/lib/python3.10/site-packages/sklearn/metrics/_classification.py:1561: UserWarning: Note that pos_label (set to 'Iris-virginica') is ignored when average != 'binary' (got 'weighted'). You may use labels=[pos_label] to specify a single positive class.
  warnings.warn(

2025-11-03 18:44:50,894:WARNING:/home/agentr2404/.local/lib/python3.10/site-packages/sklearn/metrics/_classification.py:1561: UserWarning: Note that pos_label (set to 'Iris-virginica') is ignored when average != 'binary' (got 'weighted'). You may use labels=[pos_label] to specify a single positive class.
  warnings.warn(

2025-11-03 18:44:50,899:WARNING:/home/agentr2404/.local/lib/python3.10/site-packages/sklearn/metrics/_classification.py:1561: UserWarning: Note that pos_label (set to 'Iris-virginica') is ignored when average != 'binary' (got 'weighted'). You may use labels=[pos_label] to specify a single positive class.
  warnings.warn(

2025-11-03 18:44:51,038:WARNING:/home/agentr2404/.local/lib/python3.10/site-packages/sklearn/metrics/_classification.py:1561: UserWarning: Note that pos_label (set to 'Iris-virginica') is ignored when average != 'binary' (got 'weighted'). You may use labels=[pos_label] to specify a single positive class.
  warnings.warn(

2025-11-03 18:44:51,046:WARNING:/home/agentr2404/.local/lib/python3.10/site-packages/sklearn/metrics/_classification.py:1561: UserWarning: Note that pos_label (set to 'Iris-virginica') is ignored when average != 'binary' (got 'weighted'). You may use labels=[pos_label] to specify a single positive class.
  warnings.warn(

2025-11-03 18:44:51,055:WARNING:/home/agentr2404/.local/lib/python3.10/site-packages/sklearn/metrics/_classification.py:1561: UserWarning: Note that pos_label (set to 'Iris-virginica') is ignored when average != 'binary' (got 'weighted'). You may use labels=[pos_label] to specify a single positive class.
  warnings.warn(

2025-11-03 18:44:51,101:WARNING:/home/agentr2404/.local/lib/python3.10/site-packages/sklearn/metrics/_classification.py:1561: UserWarning: Note that pos_label (set to 'Iris-virginica') is ignored when average != 'binary' (got 'weighted'). You may use labels=[pos_label] to specify a single positive class.
  warnings.warn(

2025-11-03 18:44:51,106:WARNING:/home/agentr2404/.local/lib/python3.10/site-packages/sklearn/metrics/_classification.py:1561: UserWarning: Note that pos_label (set to 'Iris-virginica') is ignored when average != 'binary' (got 'weighted'). You may use labels=[pos_label] to specify a single positive class.
  warnings.warn(

2025-11-03 18:44:51,111:WARNING:/home/agentr2404/.local/lib/python3.10/site-packages/sklearn/metrics/_classification.py:1561: UserWarning: Note that pos_label (set to 'Iris-virginica') is ignored when average != 'binary' (got 'weighted'). You may use labels=[pos_label] to specify a single positive class.
  warnings.warn(

2025-11-03 18:44:51,238:WARNING:/home/agentr2404/.local/lib/python3.10/site-packages/sklearn/metrics/_classification.py:1561: UserWarning: Note that pos_label (set to 'Iris-virginica') is ignored when average != 'binary' (got 'weighted'). You may use labels=[pos_label] to specify a single positive class.
  warnings.warn(

2025-11-03 18:44:51,247:WARNING:/home/agentr2404/.local/lib/python3.10/site-packages/sklearn/metrics/_classification.py:1561: UserWarning: Note that pos_label (set to 'Iris-virginica') is ignored when average != 'binary' (got 'weighted'). You may use labels=[pos_label] to specify a single positive class.
  warnings.warn(

2025-11-03 18:44:51,255:WARNING:/home/agentr2404/.local/lib/python3.10/site-packages/sklearn/metrics/_classification.py:1561: UserWarning: Note that pos_label (set to 'Iris-virginica') is ignored when average != 'binary' (got 'weighted'). You may use labels=[pos_label] to specify a single positive class.
  warnings.warn(

2025-11-03 18:44:51,300:WARNING:/home/agentr2404/.local/lib/python3.10/site-packages/sklearn/metrics/_classification.py:1561: UserWarning: Note that pos_label (set to 'Iris-virginica') is ignored when average != 'binary' (got 'weighted'). You may use labels=[pos_label] to specify a single positive class.
  warnings.warn(

2025-11-03 18:44:51,305:WARNING:/home/agentr2404/.local/lib/python3.10/site-packages/sklearn/metrics/_classification.py:1561: UserWarning: Note that pos_label (set to 'Iris-virginica') is ignored when average != 'binary' (got 'weighted'). You may use labels=[pos_label] to specify a single positive class.
  warnings.warn(

2025-11-03 18:44:51,310:WARNING:/home/agentr2404/.local/lib/python3.10/site-packages/sklearn/metrics/_classification.py:1561: UserWarning: Note that pos_label (set to 'Iris-virginica') is ignored when average != 'binary' (got 'weighted'). You may use labels=[pos_label] to specify a single positive class.
  warnings.warn(

2025-11-03 18:44:51,460:WARNING:/home/agentr2404/.local/lib/python3.10/site-packages/sklearn/metrics/_classification.py:1561: UserWarning: Note that pos_label (set to 'Iris-virginica') is ignored when average != 'binary' (got 'weighted'). You may use labels=[pos_label] to specify a single positive class.
  warnings.warn(

2025-11-03 18:44:51,472:WARNING:/home/agentr2404/.local/lib/python3.10/site-packages/sklearn/metrics/_classification.py:1561: UserWarning: Note that pos_label (set to 'Iris-virginica') is ignored when average != 'binary' (got 'weighted'). You may use labels=[pos_label] to specify a single positive class.
  warnings.warn(

2025-11-03 18:44:51,489:WARNING:/home/agentr2404/.local/lib/python3.10/site-packages/sklearn/metrics/_classification.py:1561: UserWarning: Note that pos_label (set to 'Iris-virginica') is ignored when average != 'binary' (got 'weighted'). You may use labels=[pos_label] to specify a single positive class.
  warnings.warn(

2025-11-03 18:44:51,513:WARNING:/home/agentr2404/.local/lib/python3.10/site-packages/sklearn/metrics/_classification.py:1561: UserWarning: Note that pos_label (set to 'Iris-virginica') is ignored when average != 'binary' (got 'weighted'). You may use labels=[pos_label] to specify a single positive class.
  warnings.warn(

2025-11-03 18:44:51,519:WARNING:/home/agentr2404/.local/lib/python3.10/site-packages/sklearn/metrics/_classification.py:1561: UserWarning: Note that pos_label (set to 'Iris-virginica') is ignored when average != 'binary' (got 'weighted'). You may use labels=[pos_label] to specify a single positive class.
  warnings.warn(

2025-11-03 18:44:51,522:WARNING:/home/agentr2404/.local/lib/python3.10/site-packages/sklearn/metrics/_classification.py:1561: UserWarning: Note that pos_label (set to 'Iris-virginica') is ignored when average != 'binary' (got 'weighted'). You may use labels=[pos_label] to specify a single positive class.
  warnings.warn(

2025-11-03 18:44:51,534:INFO:Calculating mean and std
2025-11-03 18:44:51,534:INFO:Creating metrics dataframe
2025-11-03 18:44:51,537:INFO:Uploading results into container
2025-11-03 18:44:51,538:INFO:Uploading model into container now
2025-11-03 18:44:51,538:INFO:_master_model_container: 13
2025-11-03 18:44:51,538:INFO:_display_container: 2
2025-11-03 18:44:51,539:INFO:LGBMClassifier(boosting_type='gbdt', class_weight=None, colsample_bytree=1.0,
               importance_type='split', learning_rate=0.1, max_depth=-1,
               min_child_samples=20, min_child_weight=0.001, min_split_gain=0.0,
               n_estimators=100, n_jobs=-1, num_leaves=31, objective=None,
               random_state=42, reg_alpha=0.0, reg_lambda=0.0, subsample=1.0,
               subsample_for_bin=200000, subsample_freq=0)
2025-11-03 18:44:51,539:INFO:create_model() successfully completed......................................
2025-11-03 18:44:51,655:INFO:SubProcess create_model() end ==================================
2025-11-03 18:44:51,655:INFO:Creating metrics dataframe
2025-11-03 18:44:51,658:INFO:Initializing Dummy Classifier
2025-11-03 18:44:51,659:INFO:Total runtime is 0.32624814907709754 minutes
2025-11-03 18:44:51,659:INFO:SubProcess create_model() called ==================================
2025-11-03 18:44:51,659:INFO:Initializing create_model()
2025-11-03 18:44:51,659:INFO:create_model(self=<pycaret.classification.oop.ClassificationExperiment object at 0x780dcc9fcf40>, estimator=dummy, fold=StratifiedKFold(n_splits=10, random_state=None, shuffle=False), round=4, cross_validation=True, predict=True, fit_kwargs={}, groups=None, refit=False, probability_threshold=None, experiment_custom_tags=None, verbose=False, system=False, add_to_model_list=True, metrics=None, display=<pycaret.internal.display.display.CommonDisplay object at 0x780dcc7a8520>, model_only=True, return_train_score=False, error_score=0.0, kwargs={})
2025-11-03 18:44:51,659:INFO:Checking exceptions
2025-11-03 18:44:51,659:INFO:Importing libraries
2025-11-03 18:44:51,659:INFO:Copying training dataset
2025-11-03 18:44:51,663:INFO:Defining folds
2025-11-03 18:44:51,663:INFO:Declaring metric variables
2025-11-03 18:44:51,663:INFO:Importing untrained model
2025-11-03 18:44:51,664:INFO:Dummy Classifier Imported successfully
2025-11-03 18:44:51,664:INFO:Starting cross validation
2025-11-03 18:44:51,665:INFO:Cross validating with StratifiedKFold(n_splits=10, random_state=None, shuffle=False), n_jobs=-1
2025-11-03 18:44:51,716:WARNING:/home/agentr2404/.local/lib/python3.10/site-packages/sklearn/metrics/_classification.py:1561: UserWarning: Note that pos_label (set to 'Iris-virginica') is ignored when average != 'binary' (got 'weighted'). You may use labels=[pos_label] to specify a single positive class.
  warnings.warn(

2025-11-03 18:44:51,721:WARNING:/home/agentr2404/.local/lib/python3.10/site-packages/sklearn/metrics/_classification.py:1561: UserWarning: Note that pos_label (set to 'Iris-virginica') is ignored when average != 'binary' (got 'weighted'). You may use labels=[pos_label] to specify a single positive class.
  warnings.warn(

2025-11-03 18:44:51,722:WARNING:/home/agentr2404/.local/lib/python3.10/site-packages/sklearn/metrics/_classification.py:1561: UserWarning: Note that pos_label (set to 'Iris-virginica') is ignored when average != 'binary' (got 'weighted'). You may use labels=[pos_label] to specify a single positive class.
  warnings.warn(

2025-11-03 18:44:51,725:WARNING:/home/agentr2404/.local/lib/python3.10/site-packages/sklearn/metrics/_classification.py:1509: UndefinedMetricWarning: Precision is ill-defined and being set to 0.0 in labels with no predicted samples. Use `zero_division` parameter to control this behavior.
  _warn_prf(average, modifier, f"{metric.capitalize()} is", len(result))

2025-11-03 18:44:51,727:WARNING:/home/agentr2404/.local/lib/python3.10/site-packages/sklearn/metrics/_classification.py:1561: UserWarning: Note that pos_label (set to 'Iris-virginica') is ignored when average != 'binary' (got 'weighted'). You may use labels=[pos_label] to specify a single positive class.
  warnings.warn(

2025-11-03 18:44:51,729:WARNING:/home/agentr2404/.local/lib/python3.10/site-packages/sklearn/metrics/_classification.py:1561: UserWarning: Note that pos_label (set to 'Iris-virginica') is ignored when average != 'binary' (got 'weighted'). You may use labels=[pos_label] to specify a single positive class.
  warnings.warn(

2025-11-03 18:44:51,730:WARNING:/home/agentr2404/.local/lib/python3.10/site-packages/sklearn/metrics/_classification.py:1509: UndefinedMetricWarning: Precision is ill-defined and being set to 0.0 in labels with no predicted samples. Use `zero_division` parameter to control this behavior.
  _warn_prf(average, modifier, f"{metric.capitalize()} is", len(result))

2025-11-03 18:44:51,733:WARNING:/home/agentr2404/.local/lib/python3.10/site-packages/sklearn/metrics/_classification.py:1561: UserWarning: Note that pos_label (set to 'Iris-virginica') is ignored when average != 'binary' (got 'weighted'). You may use labels=[pos_label] to specify a single positive class.
  warnings.warn(

2025-11-03 18:44:51,777:WARNING:/home/agentr2404/.local/lib/python3.10/site-packages/sklearn/metrics/_classification.py:1561: UserWarning: Note that pos_label (set to 'Iris-virginica') is ignored when average != 'binary' (got 'weighted'). You may use labels=[pos_label] to specify a single positive class.
  warnings.warn(

2025-11-03 18:44:51,783:WARNING:/home/agentr2404/.local/lib/python3.10/site-packages/sklearn/metrics/_classification.py:1561: UserWarning: Note that pos_label (set to 'Iris-virginica') is ignored when average != 'binary' (got 'weighted'). You may use labels=[pos_label] to specify a single positive class.
  warnings.warn(

2025-11-03 18:44:51,786:WARNING:/home/agentr2404/.local/lib/python3.10/site-packages/sklearn/metrics/_classification.py:1509: UndefinedMetricWarning: Precision is ill-defined and being set to 0.0 in labels with no predicted samples. Use `zero_division` parameter to control this behavior.
  _warn_prf(average, modifier, f"{metric.capitalize()} is", len(result))

2025-11-03 18:44:51,790:WARNING:/home/agentr2404/.local/lib/python3.10/site-packages/sklearn/metrics/_classification.py:1561: UserWarning: Note that pos_label (set to 'Iris-virginica') is ignored when average != 'binary' (got 'weighted'). You may use labels=[pos_label] to specify a single positive class.
  warnings.warn(

2025-11-03 18:44:51,796:WARNING:/home/agentr2404/.local/lib/python3.10/site-packages/sklearn/metrics/_classification.py:1561: UserWarning: Note that pos_label (set to 'Iris-virginica') is ignored when average != 'binary' (got 'weighted'). You may use labels=[pos_label] to specify a single positive class.
  warnings.warn(

2025-11-03 18:44:51,808:WARNING:/home/agentr2404/.local/lib/python3.10/site-packages/sklearn/metrics/_classification.py:1561: UserWarning: Note that pos_label (set to 'Iris-virginica') is ignored when average != 'binary' (got 'weighted'). You may use labels=[pos_label] to specify a single positive class.
  warnings.warn(

2025-11-03 18:44:51,812:WARNING:/home/agentr2404/.local/lib/python3.10/site-packages/sklearn/metrics/_classification.py:1509: UndefinedMetricWarning: Precision is ill-defined and being set to 0.0 in labels with no predicted samples. Use `zero_division` parameter to control this behavior.
  _warn_prf(average, modifier, f"{metric.capitalize()} is", len(result))

2025-11-03 18:44:51,816:WARNING:/home/agentr2404/.local/lib/python3.10/site-packages/sklearn/metrics/_classification.py:1561: UserWarning: Note that pos_label (set to 'Iris-virginica') is ignored when average != 'binary' (got 'weighted'). You may use labels=[pos_label] to specify a single positive class.
  warnings.warn(

2025-11-03 18:44:51,839:WARNING:/home/agentr2404/.local/lib/python3.10/site-packages/sklearn/metrics/_classification.py:1561: UserWarning: Note that pos_label (set to 'Iris-virginica') is ignored when average != 'binary' (got 'weighted'). You may use labels=[pos_label] to specify a single positive class.
  warnings.warn(

2025-11-03 18:44:51,846:WARNING:/home/agentr2404/.local/lib/python3.10/site-packages/sklearn/metrics/_classification.py:1561: UserWarning: Note that pos_label (set to 'Iris-virginica') is ignored when average != 'binary' (got 'weighted'). You may use labels=[pos_label] to specify a single positive class.
  warnings.warn(

2025-11-03 18:44:51,849:WARNING:/home/agentr2404/.local/lib/python3.10/site-packages/sklearn/metrics/_classification.py:1509: UndefinedMetricWarning: Precision is ill-defined and being set to 0.0 in labels with no predicted samples. Use `zero_division` parameter to control this behavior.
  _warn_prf(average, modifier, f"{metric.capitalize()} is", len(result))

2025-11-03 18:44:51,853:WARNING:/home/agentr2404/.local/lib/python3.10/site-packages/sklearn/metrics/_classification.py:1561: UserWarning: Note that pos_label (set to 'Iris-virginica') is ignored when average != 'binary' (got 'weighted'). You may use labels=[pos_label] to specify a single positive class.
  warnings.warn(

2025-11-03 18:44:51,870:WARNING:/home/agentr2404/.local/lib/python3.10/site-packages/sklearn/metrics/_classification.py:1561: UserWarning: Note that pos_label (set to 'Iris-virginica') is ignored when average != 'binary' (got 'weighted'). You may use labels=[pos_label] to specify a single positive class.
  warnings.warn(

2025-11-03 18:44:51,877:WARNING:/home/agentr2404/.local/lib/python3.10/site-packages/sklearn/metrics/_classification.py:1561: UserWarning: Note that pos_label (set to 'Iris-virginica') is ignored when average != 'binary' (got 'weighted'). You may use labels=[pos_label] to specify a single positive class.
  warnings.warn(

2025-11-03 18:44:51,881:WARNING:/home/agentr2404/.local/lib/python3.10/site-packages/sklearn/metrics/_classification.py:1509: UndefinedMetricWarning: Precision is ill-defined and being set to 0.0 in labels with no predicted samples. Use `zero_division` parameter to control this behavior.
  _warn_prf(average, modifier, f"{metric.capitalize()} is", len(result))

2025-11-03 18:44:51,886:WARNING:/home/agentr2404/.local/lib/python3.10/site-packages/sklearn/metrics/_classification.py:1561: UserWarning: Note that pos_label (set to 'Iris-virginica') is ignored when average != 'binary' (got 'weighted'). You may use labels=[pos_label] to specify a single positive class.
  warnings.warn(

2025-11-03 18:44:51,904:WARNING:/home/agentr2404/.local/lib/python3.10/site-packages/sklearn/metrics/_classification.py:1561: UserWarning: Note that pos_label (set to 'Iris-virginica') is ignored when average != 'binary' (got 'weighted'). You may use labels=[pos_label] to specify a single positive class.
  warnings.warn(

2025-11-03 18:44:51,910:WARNING:/home/agentr2404/.local/lib/python3.10/site-packages/sklearn/metrics/_classification.py:1561: UserWarning: Note that pos_label (set to 'Iris-virginica') is ignored when average != 'binary' (got 'weighted'). You may use labels=[pos_label] to specify a single positive class.
  warnings.warn(

2025-11-03 18:44:51,913:WARNING:/home/agentr2404/.local/lib/python3.10/site-packages/sklearn/metrics/_classification.py:1509: UndefinedMetricWarning: Precision is ill-defined and being set to 0.0 in labels with no predicted samples. Use `zero_division` parameter to control this behavior.
  _warn_prf(average, modifier, f"{metric.capitalize()} is", len(result))

2025-11-03 18:44:51,917:WARNING:/home/agentr2404/.local/lib/python3.10/site-packages/sklearn/metrics/_classification.py:1561: UserWarning: Note that pos_label (set to 'Iris-virginica') is ignored when average != 'binary' (got 'weighted'). You may use labels=[pos_label] to specify a single positive class.
  warnings.warn(

2025-11-03 18:44:51,933:WARNING:/home/agentr2404/.local/lib/python3.10/site-packages/sklearn/metrics/_classification.py:1561: UserWarning: Note that pos_label (set to 'Iris-virginica') is ignored when average != 'binary' (got 'weighted'). You may use labels=[pos_label] to specify a single positive class.
  warnings.warn(

2025-11-03 18:44:51,940:WARNING:/home/agentr2404/.local/lib/python3.10/site-packages/sklearn/metrics/_classification.py:1561: UserWarning: Note that pos_label (set to 'Iris-virginica') is ignored when average != 'binary' (got 'weighted'). You may use labels=[pos_label] to specify a single positive class.
  warnings.warn(

2025-11-03 18:44:51,942:WARNING:/home/agentr2404/.local/lib/python3.10/site-packages/sklearn/metrics/_classification.py:1509: UndefinedMetricWarning: Precision is ill-defined and being set to 0.0 in labels with no predicted samples. Use `zero_division` parameter to control this behavior.
  _warn_prf(average, modifier, f"{metric.capitalize()} is", len(result))

2025-11-03 18:44:51,947:WARNING:/home/agentr2404/.local/lib/python3.10/site-packages/sklearn/metrics/_classification.py:1561: UserWarning: Note that pos_label (set to 'Iris-virginica') is ignored when average != 'binary' (got 'weighted'). You may use labels=[pos_label] to specify a single positive class.
  warnings.warn(

2025-11-03 18:44:51,969:WARNING:/home/agentr2404/.local/lib/python3.10/site-packages/sklearn/metrics/_classification.py:1561: UserWarning: Note that pos_label (set to 'Iris-virginica') is ignored when average != 'binary' (got 'weighted'). You may use labels=[pos_label] to specify a single positive class.
  warnings.warn(

2025-11-03 18:44:51,976:WARNING:/home/agentr2404/.local/lib/python3.10/site-packages/sklearn/metrics/_classification.py:1561: UserWarning: Note that pos_label (set to 'Iris-virginica') is ignored when average != 'binary' (got 'weighted'). You may use labels=[pos_label] to specify a single positive class.
  warnings.warn(

2025-11-03 18:44:51,979:WARNING:/home/agentr2404/.local/lib/python3.10/site-packages/sklearn/metrics/_classification.py:1509: UndefinedMetricWarning: Precision is ill-defined and being set to 0.0 in labels with no predicted samples. Use `zero_division` parameter to control this behavior.
  _warn_prf(average, modifier, f"{metric.capitalize()} is", len(result))

2025-11-03 18:44:51,983:WARNING:/home/agentr2404/.local/lib/python3.10/site-packages/sklearn/metrics/_classification.py:1561: UserWarning: Note that pos_label (set to 'Iris-virginica') is ignored when average != 'binary' (got 'weighted'). You may use labels=[pos_label] to specify a single positive class.
  warnings.warn(

2025-11-03 18:44:51,995:WARNING:/home/agentr2404/.local/lib/python3.10/site-packages/sklearn/metrics/_classification.py:1561: UserWarning: Note that pos_label (set to 'Iris-virginica') is ignored when average != 'binary' (got 'weighted'). You may use labels=[pos_label] to specify a single positive class.
  warnings.warn(

2025-11-03 18:44:51,998:WARNING:/home/agentr2404/.local/lib/python3.10/site-packages/sklearn/metrics/_classification.py:1561: UserWarning: Note that pos_label (set to 'Iris-virginica') is ignored when average != 'binary' (got 'weighted'). You may use labels=[pos_label] to specify a single positive class.
  warnings.warn(

2025-11-03 18:44:52,000:WARNING:/home/agentr2404/.local/lib/python3.10/site-packages/sklearn/metrics/_classification.py:1509: UndefinedMetricWarning: Precision is ill-defined and being set to 0.0 in labels with no predicted samples. Use `zero_division` parameter to control this behavior.
  _warn_prf(average, modifier, f"{metric.capitalize()} is", len(result))

2025-11-03 18:44:52,003:WARNING:/home/agentr2404/.local/lib/python3.10/site-packages/sklearn/metrics/_classification.py:1561: UserWarning: Note that pos_label (set to 'Iris-virginica') is ignored when average != 'binary' (got 'weighted'). You may use labels=[pos_label] to specify a single positive class.
  warnings.warn(

2025-11-03 18:44:52,019:INFO:Calculating mean and std
2025-11-03 18:44:52,020:INFO:Creating metrics dataframe
2025-11-03 18:44:52,023:INFO:Uploading results into container
2025-11-03 18:44:52,023:INFO:Uploading model into container now
2025-11-03 18:44:52,024:INFO:_master_model_container: 14
2025-11-03 18:44:52,024:INFO:_display_container: 2
2025-11-03 18:44:52,024:INFO:DummyClassifier(constant=None, random_state=42, strategy='prior')
2025-11-03 18:44:52,024:INFO:create_model() successfully completed......................................
2025-11-03 18:44:52,144:INFO:SubProcess create_model() end ==================================
2025-11-03 18:44:52,144:INFO:Creating metrics dataframe
2025-11-03 18:44:52,151:WARNING:/home/agentr2404/.local/lib/python3.10/site-packages/pycaret/internal/pycaret_experiment/supervised_experiment.py:323: FutureWarning: Styler.applymap has been deprecated. Use Styler.map instead.
  master_display_.apply(

2025-11-03 18:44:52,153:INFO:Initializing create_model()
2025-11-03 18:44:52,153:INFO:create_model(self=<pycaret.classification.oop.ClassificationExperiment object at 0x780dcc9fcf40>, estimator=QuadraticDiscriminantAnalysis(priors=None, reg_param=0.0,
                              store_covariance=False, tol=0.0001), fold=StratifiedKFold(n_splits=10, random_state=None, shuffle=False), round=4, cross_validation=False, predict=False, fit_kwargs={}, groups=None, refit=True, probability_threshold=None, experiment_custom_tags=None, verbose=False, system=False, add_to_model_list=True, metrics=None, display=None, model_only=True, return_train_score=False, error_score=0.0, kwargs={})
2025-11-03 18:44:52,153:INFO:Checking exceptions
2025-11-03 18:44:52,154:INFO:Importing libraries
2025-11-03 18:44:52,155:INFO:Copying training dataset
2025-11-03 18:44:52,158:INFO:Defining folds
2025-11-03 18:44:52,158:INFO:Declaring metric variables
2025-11-03 18:44:52,158:INFO:Importing untrained model
2025-11-03 18:44:52,158:INFO:Declaring custom model
2025-11-03 18:44:52,159:INFO:Quadratic Discriminant Analysis Imported successfully
2025-11-03 18:44:52,160:INFO:Cross validation set to False
2025-11-03 18:44:52,160:INFO:Fitting Model
2025-11-03 18:44:52,175:INFO:QuadraticDiscriminantAnalysis(priors=None, reg_param=0.0,
                              store_covariance=False, tol=0.0001)
2025-11-03 18:44:52,175:INFO:create_model() successfully completed......................................
2025-11-03 18:44:52,309:INFO:_master_model_container: 14
2025-11-03 18:44:52,309:INFO:_display_container: 2
2025-11-03 18:44:52,309:INFO:QuadraticDiscriminantAnalysis(priors=None, reg_param=0.0,
                              store_covariance=False, tol=0.0001)
2025-11-03 18:44:52,309:INFO:compare_models() successfully completed......................................
